Country,TotalRevenue,InvoiceCount,CustomerCount,PercentageShare
United Kingdom,8189252.3040000005,21391,3949,84.00843445614096
Netherlands,284661.54,100,9,2.9201652895214236
EIRE,262993.38,360,3,2.6978851433527615
Germany,221509.47,603,95,2.2723275704694323
France,197317.11000000002,461,87,2.02415323001021
Australia,137009.77,69,9,1.4054978227101338
Switzerland,56363.05,74,21,0.578193394940393
Spain,54756.03,105,31,0.5617079785277412
Belgium,40910.96,119,25,0.4196800359929177
Sweden,36585.41,46,8,0.3753069149591125
