CustomerID,Recency,Frequency,Monetary
12347,2,7,4310.0
12348,75,4,1797.24
12349,19,1,1757.55
12350,310,1,334.4
12352,36,8,1545.41
12353,204,1,89.0
12354,232,1,1079.4
12355,214,1,459.4
12356,23,3,2811.43
12357,33,1,6207.67
12358,2,2,1168.06
12359,58,4,6182.98
12360,52,3,2662.06
12361,287,1,189.9
12362,3,10,5154.58
12363,110,2,552.0
12364,8,4,1313.1
12365,291,2,320.69
12367,4,1,168.9
12370,51,4,3541.94
12371,45,2,1887.96
12372,72,3,1298.04
12373,311,1,364.6
12374,25,1,742.93
12375,11,2,455.42
12377,315,2,1628.12
12378,130,1,4008.62
12379,82,2,850.29
12380,22,4,2720.56
12381,5,5,1803.96
12383,185,5,1839.31
12384,29,2,566.16
12386,338,2,401.9
12388,16,6,2780.66
12390,80,1,549.84
12391,22,1,439.66
12393,72,4,1582.6
12394,64,2,1272.48
12395,19,12,2998.28
12397,36,2,2409.9
12398,46,1,1635.66
12399,119,4,1108.65
12401,303,1,84.3
12402,323,1,225.6
12403,50,1,409.7
12405,149,1,1710.39
12406,22,2,3280.75
12407,50,5,1708.12
12408,33,5,2842.57
12409,79,3,11056.93
12410,309,2,681.08
12412,75,3,1226.88
12413,67,3,694.15
12414,217,3,562.41
12415,24,21,123725.45
12417,3,9,3578.8
12418,113,1,668.58
12420,64,1,600.39
12421,16,4,806.27
12422,96,3,803.56
12423,1,8,1849.11
12424,163,2,1760.96
12425,78,1,777.2
12426,195,1,582.73
12427,22,3,708.37
12428,26,9,7877.2
12429,9,4,3750.4
12430,43,1,256.4
12431,36,15,6348.89
12432,43,5,5059.32
12433,1,7,13375.87
12434,85,2,765.19
12435,80,2,7829.89
12436,100,1,509.01
12437,2,18,4896.66
12438,14,2,2906.85
12441,367,1,173.55
12442,3,1,172.06
12444,21,5,5005.46
12445,22,1,133.4
12446,58,1,1002.31
12447,243,1,476.49
12448,44,1,449.45
12449,22,4,4067.29
12450,156,2,197.88
12451,11,5,8933.52
12452,17,2,428.57
12453,134,1,707.09
12455,73,6,2466.86
12456,44,3,3153.89
12457,66,7,1917.78
12458,71,2,947.4
12461,94,2,826.88
12462,19,2,1124.01
12463,53,4,1303.63
12464,10,8,1212.05
12465,17,2,733.89
12468,188,2,724.04
12471,2,30,18705.52
12472,32,7,6229.48
12473,29,5,2837.73
12474,17,18,7064.77
12475,54,1,723.38
12476,16,11,6546.58
12477,23,6,13117.01
12478,4,1,680.99
12479,11,1,477.3
12480,28,4,3281.63
12481,23,10,5574.36
12483,17,8,2327.13
12484,33,6,4480.87
12488,10,3,1298.66
12489,336,1,334.93
12490,5,10,5417.93
12491,39,1,460.4
12492,63,2,263.21
12493,166,2,416.79
12494,16,7,1139.35
12497,82,1,1043.1
12498,21,3,403.7
12500,23,11,4206.27
12501,337,1,2089.68
12502,96,5,3723.87
12504,18,2,114.0
12506,233,1,73.5
12507,134,3,1258.06
12508,26,2,397.88
12509,284,1,176.5
12510,143,2,982.57
12512,66,2,132.18
12513,113,1,586.79
12514,267,1,1017.68
12515,353,1,383.7
12516,78,2,1312.06
12517,28,5,2443.65
12518,1,5,2056.89
12519,64,1,330.84
12520,79,5,2582.51
12521,143,1,599.68
12522,39,2,192.72
12523,19,11,1745.57
12524,9,8,4485.72
12526,1,3,1316.66
12527,82,3,348.71
12528,9,6,1922.28
12530,60,4,1623.63
12531,15,1,125.22
12532,30,1,349.83
12534,131,1,1089.18
12535,92,2,716.35
12536,43,3,4106.82
12538,29,1,363.95
12539,22,4,3852.5
12540,20,17,13309.04
12541,30,3,981.18
12544,36,1,355.7
12545,75,2,1000.39
12546,47,2,1141.5
12547,198,2,207.8
12548,166,1,95.2
12550,79,1,964.83
12551,358,1,168.0
12552,39,2,437.82
12553,8,10,3652.25
12556,50,2,599.56
12557,16,5,11990.96
12559,311,2,536.21
12560,5,3,2101.39
12561,303,1,238.85
12562,8,7,3781.74
12564,261,1,456.9
12565,289,1,131.17
12566,86,1,346.7
12567,23,10,9114.94
12569,2,32,4064.99
12571,40,2,519.61
12572,9,2,1004.72
12573,227,1,160.54
12574,316,1,218.45
12576,36,5,1306.98
12577,35,3,564.2
12578,21,2,2753.36
12579,78,1,410.72
12580,247,1,415.7
12581,40,1,197.71
12582,239,2,511.36
12583,3,15,7187.34
12584,4,9,1893.95
12585,234,2,1982.81
12586,17,1,179.94
12587,8,1,144.0
12588,39,1,214.9
12589,29,2,646.68
12590,211,2,9861.38
12591,317,1,452.85
12592,92,2,437.6
12593,109,3,418.1
12594,38,10,3320.22
12596,51,2,618.27
12597,19,4,3683.13
12598,10,8,3002.68
12599,29,7,1032.58
12600,29,10,2581.04
12601,190,5,569.56
12602,59,1,153.12
12603,22,1,739.2
12604,79,2,254.18
12609,78,3,1126.85
12610,23,5,2057.99
12611,52,1,1193.32
12612,74,1,643.59
12613,57,5,3218.98
12614,278,1,315.6
12615,2,4,2291.19
12616,95,2,657.25
12617,29,1,352.98
12618,22,1,177.31
12619,16,9,3214.81
12620,15,3,1339.41
12621,2,20,13612.07
12622,232,1,180.1
12623,276,1,305.1
12624,106,2,641.13
12625,212,2,2614.32
12626,23,9,6388.35
12627,11,7,4478.53
12628,4,3,769.61
12630,10,2,1270.88
12631,57,1,640.5
12633,59,4,2140.63
12635,90,2,1689.18
12637,67,8,5934.25
12638,33,1,671.69
12639,239,1,486.1
12640,24,3,1174.58
12641,115,1,185.9
12642,25,3,1013.26
12643,128,6,3344.64
12644,130,1,477.91
12645,34,4,1755.38
12646,5,2,1346.97
12647,22,12,3669.92
12648,155,1,318.05
12649,107,3,603.71
12650,3,1,314.44
12651,335,1,114.0
12652,331,1,914.53
12653,149,2,2209.85
12654,11,5,601.98
12656,17,5,3982.72
12657,11,4,1152.06
12658,19,1,686.05
12659,30,1,91.68
12660,11,1,245.1
12662,1,11,3817.08
12664,8,9,4863.88
12665,325,1,61.75
12667,58,1,620.13
12668,12,4,3743.18
12669,151,3,1607.73
12670,10,5,2986.15
12672,330,1,225.9
12673,5,2,610.52
12674,39,4,1922.26
12676,25,6,1331.39
12678,42,12,17588.26
12679,59,4,1058.67
12680,1,4,862.81
12681,15,22,13677.59
12682,4,31,12279.82
12683,4,15,8221.09
12684,8,7,2283.63
12685,28,6,2863.08
12686,372,1,89.14
12688,114,1,4873.81
12689,26,2,1247.61
12690,206,1,389.01
12691,28,6,1035.8
12693,127,4,830.96
12694,70,2,869.67
12695,7,4,582.1
12697,29,3,939.02
12700,8,4,4867.99
12701,80,2,797.71
12702,20,1,219.0
12703,71,1,274.7
12704,7,8,2220.84
12705,15,9,6814.24
12707,292,1,603.42
12708,30,10,2616.32
12709,15,15,9264.1
12710,97,3,1130.57
12712,29,13,4241.63
12713,1,1,848.55
12714,9,5,4708.86
12715,106,1,343.36
12716,4,2,1053.49
12717,151,2,980.98
12718,71,1,238.25
12719,5,2,608.1
12720,3,25,5713.28
12721,32,6,2628.98
12722,85,4,904.33
12723,4,5,725.07
12724,5,4,1031.41
12725,371,1,427.8
12726,28,7,2609.1
12727,11,7,3947.7
12728,71,4,836.33
12729,114,1,453.01
12731,24,12,18793.41
12732,180,1,236.26
12733,234,1,383.95
12734,353,1,110.4
12735,315,2,779.57
12736,333,1,234.0
12738,372,1,155.35
12739,78,2,1013.04
12740,64,1,427.6
12743,134,2,540.13
12744,52,7,9120.39
12747,2,11,4196.01
12748,1,209,28405.56
12749,4,5,3868.2
12750,129,1,275.88
12752,81,1,4366.78
12753,23,6,21024.01
12754,236,3,2949.12
12755,281,2,2203.2
12756,87,1,112.08
12757,16,13,4205.25
12758,117,2,2791.59
12759,52,3,1531.44
12762,8,2,1898.52
12763,138,2,494.08
12764,317,1,1693.88
12766,4,7,6989.63
12769,239,1,1143.6
12770,211,1,1351.45
12772,60,1,892.47
12775,17,5,1351.24
12778,20,6,804.23
12779,38,8,3868.7
12781,64,2,707.72
12782,5,5,2273.32
12783,2,6,1603.87
12784,9,2,532.82
12785,364,1,305.71
12787,10,3,463.66
12789,65,1,91.85
12790,192,1,324.92
12791,374,1,192.6
12792,257,1,400.54
12793,335,2,545.48
12794,53,2,860.41
12795,19,1,430.48
12797,366,1,194.18
12798,10,3,6977.04
12802,187,1,412.58
12808,37,3,483.65
12809,178,1,484.36
12811,261,3,514.85
12812,45,1,229.64
12814,102,1,125.92
12815,148,2,1063.46
12816,96,2,572.2
12817,281,1,166.04
12818,262,1,1517.88
12820,3,4,942.34
12821,214,1,92.72
12822,71,2,918.98
12823,75,5,1759.5
12824,60,1,397.12
12826,3,7,1468.12
12827,6,3,430.15
12828,3,6,1018.71
12829,337,2,253.05
12830,38,6,6748.4
12831,262,1,215.05
12832,32,2,383.03
12833,145,1,417.38
12834,283,1,312.38
12836,59,4,2610.36
12837,173,1,134.1
12838,34,2,671.95
12839,3,14,5583.62
12840,144,4,2714.27
12841,5,25,3845.63
12842,70,2,1118.99
12843,66,8,1680.76
12844,29,2,325.96
12845,267,4,354.09
12847,22,1,843.64
12849,31,2,1010.29
12851,97,1,131.81
12852,295,1,299.75
12853,135,6,1881.7
12854,79,3,1280.9
12855,373,1,38.1
12856,8,6,2153.53
12857,211,2,1106.4
12863,52,1,504.2
12864,138,1,147.12
12865,26,2,1548.07
12866,283,1,559.12
12867,26,7,3958.74
12868,186,6,1607.06
12871,84,2,380.64
12872,327,2,599.97
12873,282,1,374.0
12875,143,2,343.23
12876,58,2,2218.02
12877,4,12,1535.77
12878,236,2,841.64
12879,45,3,552.57
12881,276,1,298.0
12882,9,2,1463.04
12883,25,4,703.47
12884,88,1,309.05
12885,63,3,1158.27
12886,68,2,1351.09
12888,214,2,313.77
12890,24,1,376.72
12891,186,3,331.0
12893,31,1,176.55
12895,42,2,347.3
12897,205,2,216.5
12901,9,28,16293.1
12902,265,1,138.68
12904,18,2,496.06
12906,12,5,2919.81
12908,176,2,246.0
12909,40,5,2128.83
12910,23,8,3075.04
12912,3,5,1662.3
12913,5,5,2483.63
12915,149,2,363.65
12916,139,4,2921.15
12917,128,1,594.0
12919,8,6,1301.44
12920,17,1,162.78
12921,9,37,16389.74
12922,161,1,405.38
12923,64,1,172.82
12924,88,4,929.95
12925,5,2,694.05
12928,35,5,2062.7
12929,312,1,105.1
12930,78,2,409.9
12931,22,15,33462.81
12933,24,3,606.28
12935,2,7,2156.45
12936,17,4,1012.9
12937,15,4,1504.27
12938,26,1,114.14
12939,64,8,11581.8
12940,55,2,862.44
12942,131,3,675.6
12944,36,2,604.51
12945,288,1,462.95
12947,144,6,1407.29
12948,16,7,2053.7
12949,31,8,4143.02
12950,2,3,1843.0
12951,9,6,1042.07
12952,6,4,1382.84
12953,10,1,329.85
12955,1,11,4734.26
12956,306,1,108.07
12957,10,8,3979.04
12962,7,2,266.39
12963,8,8,1841.03
12965,89,1,769.81
12966,10,1,160.18
12967,358,2,1194.75
12968,112,1,135.95
12970,7,4,405.47
12971,4,86,10930.26
12974,198,1,144.8
12976,212,1,738.6
12977,156,1,39.24
12980,158,9,7092.06
12981,30,2,372.22
12982,243,1,377.2
12984,19,1,97.5
12985,1,2,1215.62
12987,74,2,545.0
12988,292,1,505.82
12989,3,15,6854.51
12990,31,3,409.5
12991,23,2,503.76
12993,23,4,414.76
12994,4,3,902.22
12995,85,1,200.72
12997,22,4,1197.94
12999,196,3,455.88
13000,107,3,534.85
13001,4,13,9765.07
13002,318,1,120.95
13003,106,3,149.05
13004,12,18,5613.43
13005,174,2,468.95
13006,56,1,81.57
13008,323,1,178.47
13011,372,1,50.55
13012,9,8,1296.62
13013,1,13,4786.99
13014,11,10,3365.43
13015,53,5,3339.64
13016,73,3,789.89
13017,7,1,204.0
13018,16,28,7272.75
13021,4,9,2584.4
13023,64,2,689.9
13026,1,5,936.15
13027,114,6,6912.0
13028,23,2,659.68
13029,31,3,1247.5
13030,11,2,752.44
13032,52,2,996.52
13033,357,1,190.55
13034,55,2,642.77
13035,74,2,886.63
13037,138,3,881.07
13038,80,3,908.46
13040,9,2,676.99
13043,273,1,471.57
13044,291,1,560.47
13045,99,1,305.28
13046,31,2,629.31
13047,32,10,3079.1
13048,14,4,1789.41
13049,64,2,656.68
13050,15,17,5684.61
13052,212,1,348.15
13055,78,3,1201.96
13058,25,3,271.4
13059,250,1,183.4
13060,254,1,307.53
13061,72,1,248.61
13062,191,1,346.98
13064,13,4,1105.59
13065,373,1,205.86
13066,24,2,430.9
13067,82,1,115.46
13068,10,2,344.0
13069,1,24,3713.14
13070,192,1,228.8
13072,267,1,177.15
13075,130,1,919.61
13077,1,4,728.02
13078,3,26,12432.28
13079,4,5,220.1
13080,179,1,58.08
13081,12,11,27964.48
13082,126,9,3595.48
13083,4,2,303.75
13085,158,2,272.38
13089,3,97,57322.13
13090,9,14,8689.39
13091,28,1,319.82
13092,71,5,459.83
13093,276,8,7741.47
13094,21,12,1708.86
13095,71,1,74.4
13097,33,10,5886.12
13098,1,28,28658.88
13099,99,1,207.36
13101,234,1,101.19
13102,1,24,6336.29
13103,40,1,243.94
13104,3,6,1098.48
13106,133,1,59.5
13107,44,4,1524.07
13108,373,1,350.06
13109,60,2,766.84
13110,31,7,1452.87
13113,1,24,10510.0
13115,12,4,2205.63
13116,138,1,485.19
13117,22,8,984.91
13118,20,5,1125.0
13120,239,1,30.6
13121,269,1,254.73
13122,94,2,922.39
13124,90,3,3756.33
13126,5,8,2056.29
13127,78,1,259.17
13130,94,1,64.0
13131,23,3,1039.3
13132,262,1,77.3
13133,274,2,109.8
13134,86,4,1740.63
13135,197,1,3096.0
13136,56,5,2545.38
13137,11,8,3557.96
13138,22,6,962.39
13139,16,7,5055.79
13140,108,3,422.47
13141,85,5,2385.8
13142,19,1,307.09
13144,333,1,110.95
13145,40,4,614.77
13146,26,1,228.91
13147,10,4,712.8
13148,29,12,3324.62
13149,14,4,1676.06
13151,296,1,1250.37
13153,6,1,486.22
13155,33,4,971.76
13157,49,4,1721.57
13158,95,4,1201.06
13159,9,4,1371.25
13160,22,1,91.8
13161,313,1,112.75
13162,122,4,1644.99
13165,46,2,1021.48
13166,283,1,414.7
13167,19,4,791.33
13168,36,4,1290.54
13169,64,2,712.88
13170,27,1,108.81
13171,22,3,426.81
13173,4,2,353.65
13174,16,3,2742.82
13176,46,1,481.49
13177,65,1,282.45
13178,26,11,5725.47
13182,45,1,121.18
13183,8,9,3957.78
13184,15,10,1616.45
13185,268,1,71.4
13186,40,3,1539.69
13187,337,1,236.02
13188,11,1,114.6
13189,19,2,260.68
13192,95,2,911.94
13193,61,1,112.08
13194,136,1,60.7
13196,11,4,1797.78
13198,10,6,3384.09
13199,4,38,9803.96
13200,19,4,870.09
13203,10,4,869.46
13207,15,2,250.26
13208,59,6,1199.65
13209,30,8,5820.16
13210,94,1,353.48
13211,10,3,1095.42
13212,20,3,779.33
13213,57,5,1518.43
13216,268,1,333.74
13217,122,3,133.62
13218,127,1,62.64
13220,78,4,819.29
13221,240,2,847.41
13223,200,2,163.2
13224,60,2,2150.85
13225,3,7,6083.04
13226,273,1,108.21
13227,202,1,257.7
13228,81,1,358.0
13229,226,1,160.95
13230,4,14,2712.07
13232,13,7,1328.35
13233,74,2,605.12
13235,212,1,101.17
13236,25,2,727.27
13238,17,4,680.83
13239,262,1,329.56
13240,96,4,663.65
13242,112,3,270.4
13243,203,1,585.12
13244,93,1,121.74
13245,51,1,430.5
13246,18,6,1896.32
13247,18,4,501.12
13248,125,2,465.68
13249,92,3,711.41
13253,157,2,1030.4
13255,9,2,390.66
13258,12,3,672.83
13259,62,1,283.18
13260,61,1,557.62
13261,269,2,944.1
13262,263,1,200.29
13263,1,35,7436.93
13265,53,5,2092.66
13266,11,12,3717.67
13267,3,19,4404.44
13268,18,11,3127.7
13269,1,15,5312.97
13270,366,1,590.0
13271,37,1,172.37
13272,31,2,276.56
13273,113,1,138.98
13276,64,2,590.93
13277,16,4,258.4
13278,41,1,542.73
13279,78,1,126.3
13280,122,3,798.46
13282,18,3,1047.84
13283,60,2,93.66
13284,331,1,196.15
13285,23,4,2709.12
13291,156,1,361.11
13292,39,2,578.94
13294,190,2,873.74
13295,360,1,197.95
13296,137,1,87.4
13297,8,4,2089.85
13298,1,1,360.0
13299,268,1,142.5
13300,169,1,365.29
13301,104,4,618.09
13302,155,1,63.75
13304,351,1,300.42
13305,4,10,2000.86
13307,120,1,15.0
13308,23,3,1367.61
13309,7,5,1456.79
13310,28,3,1083.63
13311,4,2,598.57
13313,22,5,1555.32
13314,2,3,593.51
13316,37,4,5570.69
13317,66,6,2140.07
13318,1,3,640.76
13319,5,26,10664.34
13320,78,4,1475.2
13321,72,2,567.36
13322,17,1,199.48
13323,3,5,787.85
13324,36,10,7072.8
13325,82,1,675.3
13327,39,8,3617.57
13328,316,1,1308.48
13329,32,2,740.4
13330,93,3,1140.93
13332,14,1,350.9
13334,82,3,3502.32
13336,77,1,795.12
13338,158,1,431.82
13339,201,1,860.12
13340,45,7,10736.48
13341,261,1,775.85
13343,178,1,303.93
13344,68,3,2511.69
13345,288,1,377.6
13347,70,1,341.36
13348,64,1,233.76
13349,11,1,247.32
13350,16,2,910.72
13351,66,1,373.94
13352,60,1,389.28
13354,71,1,743.53
13355,122,1,674.7
13356,80,1,768.24
13357,257,1,609.4
13358,269,1,439.03
13359,64,1,431.26
13362,9,4,3085.49
13363,18,2,992.5
13365,34,2,2191.22
13366,50,1,56.16
13368,257,2,623.4
13369,366,1,263.75
13370,372,1,721.32
13372,90,1,378.64
13373,61,3,3312.25
13375,89,1,772.9
13376,99,3,1019.76
13379,26,3,572.56
13381,32,6,3626.81
13382,281,1,222.99
13384,31,7,4122.28
13385,330,1,534.57
13388,131,2,627.15
13389,11,3,797.96
13390,75,1,544.08
13391,204,1,59.8
13394,2,8,2312.8
13395,185,1,307.72
13396,29,2,1325.29
13397,73,5,1539.18
13398,192,1,457.34
13402,127,2,621.23
13403,18,1,75.0
13404,1,2,252.49
13405,74,3,572.45
13408,2,62,27487.41
13410,24,5,988.91
13411,107,1,213.55
13414,134,3,1390.5
13416,44,2,712.5
13417,5,2,640.83
13418,12,18,5845.44
13419,64,1,221.06
13420,150,2,140.35
13421,40,2,1831.61
13422,64,1,2601.55
13425,108,3,1624.21
13426,1,10,3550.7
13427,19,3,582.6
13428,10,1,201.78
13429,11,4,1006.8
13430,19,2,648.69
13431,67,2,1269.1
13434,74,2,534.24
13435,5,7,3794.49
13436,2,1,196.89
13437,14,7,3408.06
13439,255,1,283.71
13441,92,1,296.64
13447,23,3,1104.23
13448,17,6,3460.99
13449,24,1,291.88
13450,27,6,2043.72
13451,26,5,2838.56
13452,259,2,590.0
13453,166,2,356.98
13455,25,2,1007.35
13456,18,6,1737.82
13458,7,14,9537.92
13460,29,2,183.44
13461,39,3,1445.0
13462,253,1,143.25
13464,58,1,674.68
13466,184,1,297.95
13467,11,2,1071.91
13468,2,37,5656.75
13470,99,2,165.0
13471,1,4,2501.84
13473,61,2,417.54
13474,236,1,226.84
13475,191,4,1431.78
13476,179,2,1092.77
13477,38,6,1441.53
13479,201,2,291.0
13481,46,5,1776.81
13482,232,1,184.64
13483,66,1,140.34
13484,241,1,313.8
13485,233,1,454.24
13486,78,3,1122.41
13487,58,3,575.4
13488,17,13,8910.61
13489,105,4,449.52
13491,52,10,1215.82
13492,136,3,1269.84
13493,275,2,618.63
13494,312,1,316.26
13495,8,5,1990.12
13496,11,2,617.93
13497,283,2,321.05
13499,18,5,1146.96
13500,23,3,1136.77
13501,288,1,1310.47
13502,17,3,292.0
13503,71,1,216.85
13504,64,1,295.93
13505,73,4,4282.88
13506,316,2,452.82
13507,3,4,2479.16
13508,244,1,110.97
13509,9,7,979.72
13510,1,4,1785.16
13512,261,1,251.21
13513,127,1,205.1
13514,74,1,152.2
13515,73,4,891.12
13516,21,3,1389.41
13517,60,3,2109.07
13518,86,1,627.16
13519,78,1,110.8
13520,59,6,3487.75
13521,1,3,1071.73
13522,30,1,125.8
13523,33,5,3755.38
13524,41,5,680.18
13525,15,2,628.78
13527,34,7,2218.61
13529,79,2,307.76
13531,205,2,483.8
13532,34,1,210.31
13533,183,3,269.09
13534,2,25,5613.08
13536,1,7,3444.39
13538,43,7,1280.85
13539,86,3,605.84
13544,40,2,276.06
13546,12,3,621.09
13548,96,2,678.16
13549,26,7,916.12
13551,319,1,91.8
13552,66,12,3539.53
13555,74,4,4098.88
13557,28,2,584.06
13558,6,4,594.52
13560,7,1,171.42
13561,216,1,141.86
13562,82,3,1799.33
13563,84,2,777.53
13564,144,3,623.39
13565,19,2,240.22
13566,41,2,856.84
13568,173,1,187.05
13569,17,2,338.62
13570,243,1,239.49
13571,13,12,2088.94
13572,206,1,1384.25
13573,50,2,290.25
13575,23,5,732.07
13576,10,18,6703.3
13577,25,4,1658.3
13579,15,2,467.04
13581,309,1,118.0
13583,156,1,781.03
13584,307,1,142.4
13587,64,1,347.0
13588,16,9,2445.12
13589,15,2,379.65
13590,11,6,1976.12
13591,65,3,1117.13
13592,36,4,247.96
13593,108,5,1965.08
13594,53,1,396.97
13596,6,2,664.11
13598,47,1,147.29
13599,1,21,5026.85
13600,312,1,219.52
13601,45,2,693.32
13602,65,1,428.89
13603,26,1,164.34
13606,29,3,276.75
13607,40,1,675.51
13610,12,7,1065.88
13611,89,3,1140.8
13614,24,4,1585.46
13615,319,1,399.99
13617,40,3,544.18
13618,174,1,177.34
13621,117,1,213.85
13623,31,5,652.4
13626,253,1,257.23
13627,59,5,1624.02
13629,23,11,7792.36
13630,5,7,1995.68
13631,100,11,3021.77
13632,25,5,2114.68
13634,33,5,1547.36
13635,68,1,1071.03
13636,37,5,941.62
13637,52,3,804.3
13638,16,1,122.64
13639,74,1,1033.34
13642,216,1,312.28
13643,31,3,519.44
13644,16,4,2597.52
13645,120,1,252.1
13647,10,4,1640.22
13649,257,2,346.6
13650,17,6,1809.34
13651,35,2,94.2
13652,46,3,1095.08
13654,43,6,2707.33
13655,114,2,932.97
13656,165,2,379.65
13657,11,2,382.14
13658,10,5,2421.47
13659,206,2,1540.65
13662,86,3,862.58
13663,179,1,189.47
13666,60,3,84.65
13667,149,1,299.05
13668,3,21,6162.31
13669,51,2,218.55
13670,75,1,349.7
13673,19,2,387.44
13675,151,2,486.82
13678,152,1,232.6
13680,1,4,2199.01
13681,18,4,827.83
13682,187,1,59.5
13684,286,1,62.13
13685,3,7,3119.44
13686,183,1,72.0
13689,63,1,910.0
13690,59,1,172.25
13692,25,3,1466.87
13694,4,50,62690.54
13695,31,15,2504.13
13697,39,1,151.3
13699,155,1,308.58
13700,26,10,2248.63
13703,318,1,99.5
13704,5,9,2295.31
13705,8,3,711.86
13706,303,1,330.79
13707,267,2,806.41
13708,271,1,285.33
13709,4,13,6228.71
13710,32,1,180.48
13711,219,2,252.06
13712,247,1,228.84
13715,281,5,1051.99
13716,269,1,138.28
13717,32,6,1432.26
13718,246,2,306.55
13719,15,5,1041.68
13720,117,4,799.9
13721,36,1,524.14
13722,132,3,2369.16
13723,217,1,199.85
13725,50,8,1809.81
13726,39,2,1079.66
13727,29,2,333.48
13728,37,6,1016.14
13730,136,2,752.6
13731,219,2,610.59
13732,28,1,491.86
13735,25,4,2764.48
13736,5,2,721.9
13737,200,1,339.6
13739,18,1,216.9
13740,241,1,350.75
13741,72,3,666.33
13742,17,12,3079.27
13743,3,7,1340.15
13744,95,2,1080.52
13745,162,1,291.54
13747,374,1,79.6
13748,96,5,948.25
13750,54,5,1647.26
13751,288,1,296.25
13752,124,6,1175.38
13753,288,1,741.26
13754,152,2,282.6
13755,4,9,2101.39
13756,2,14,5145.12
13758,12,7,3190.55
13759,33,2,659.41
13760,54,2,286.79
13761,50,2,1070.65
13763,63,1,1689.46
13764,71,3,1519.42
13767,2,37,16945.71
13769,2,10,2771.87
13771,64,4,2631.7
13772,34,3,1122.63
13774,82,1,345.0
13777,1,33,25748.35
13778,103,1,178.7
13780,7,2,360.01
13781,251,1,127.84
13782,13,6,908.86
13784,10,11,2462.79
13786,367,1,230.4
13787,76,2,309.04
13790,4,1,348.8
13791,128,2,1047.68
13792,66,2,195.55
13798,1,57,36352.87
13799,117,2,688.86
13800,310,1,558.32
13801,67,1,324.8
13802,139,3,3906.27
13803,255,1,277.07
13804,31,7,2588.39
13805,52,2,924.6
13806,64,1,256.38
13807,367,1,112.6
13808,6,5,1747.66
13809,305,1,155.05
13810,29,3,899.51
13811,184,3,591.75
13812,42,3,539.0
13813,40,4,1353.41
13814,92,2,1562.12
13815,22,4,4014.91
13816,24,2,555.04
13817,29,2,382.98
13819,302,3,1140.35
13821,145,2,385.64
13822,6,2,632.0
13823,19,2,957.66
13824,33,5,1698.94
13826,176,1,174.65
13827,58,3,409.8
13828,22,1,209.49
13831,16,6,2198.45
13832,19,1,40.95
13833,159,1,383.85
13835,25,4,834.57
13837,212,2,266.59
13838,6,4,674.82
13841,253,1,85.0
13842,59,9,3385.62
13844,11,1,361.62
13845,65,1,312.98
13846,25,3,847.61
13848,92,3,1255.0
13849,52,2,1537.95
13850,129,1,1586.81
13851,96,3,2651.46
13853,57,1,1056.94
13854,9,25,8025.02
13856,169,3,363.4
13858,57,1,216.17
13859,326,1,201.16
13860,1,5,1240.0
13862,18,8,2187.31
13863,248,1,299.56
13865,58,4,501.56
13866,74,1,145.67
13867,31,3,1005.09
13868,7,2,3192.54
13869,123,4,3083.65
13870,2,8,2751.25
13871,23,13,6389.8
13873,120,3,381.7
13874,358,1,540.45
13875,54,5,1786.79
13876,64,1,122.7
13877,86,1,117.24
13878,55,1,1271.57
13880,21,13,3219.77
13881,4,20,16989.52
13882,3,5,1131.28
13883,11,5,2538.75
13884,7,5,781.3
13885,189,2,506.8
13886,71,1,243.56
13887,204,1,349.55
13888,120,2,595.67
13889,93,1,416.9
13890,1,10,1860.86
13892,27,4,632.97
13893,298,1,821.1
13894,24,3,535.97
13895,28,4,2588.12
13897,50,1,311.16
13898,326,1,155.93
13899,16,2,388.52
13900,183,3,740.95
13901,72,5,2867.2
13904,37,2,332.64
13908,80,4,2347.05
13911,57,9,2580.91
13914,12,2,613.95
13917,50,2,272.04
13918,50,2,1212.84
13919,59,2,350.16
13922,352,1,172.25
13923,54,1,351.13
13924,2,6,1682.08
13925,93,4,616.65
13926,23,1,223.85
13927,75,1,348.99
13928,11,4,464.57
13929,169,2,802.85
13930,58,2,337.34
13931,96,2,1230.93
13932,295,1,307.4
13933,109,2,608.79
13934,264,1,922.1
13936,180,1,361.28
13937,169,1,158.85
13938,35,1,71.66
13939,23,3,556.75
13940,17,4,839.14
13941,22,5,4912.41
13946,79,3,561.57
13947,65,1,90.6
13948,361,1,102.0
13949,3,6,2427.32
13950,11,4,728.56
13951,176,3,674.45
13952,218,2,3246.09
13953,7,7,3515.68
13954,2,2,378.59
13955,154,2,322.96
13956,5,5,1019.27
13959,79,3,594.04
13960,21,2,230.22
13962,22,2,169.55
13963,308,4,664.54
13967,146,1,80.7
13969,7,18,8956.92
13971,19,8,2702.22
13972,71,2,190.25
13973,287,1,264.7
13974,49,1,413.59
13975,31,6,2438.19
13976,207,1,357.98
13978,15,2,196.79
13979,73,1,869.87
13980,60,1,200.14
13982,39,4,1861.11
13983,30,12,2590.46
13984,27,5,488.03
13985,4,15,7024.53
13986,17,1,320.46
13988,20,6,4098.8
13989,66,2,1266.08
13990,213,1,311.3
13991,12,6,847.54
13992,30,1,76.8
13993,43,9,3409.66
13994,4,6,2274.14
13995,15,5,1383.49
13999,10,12,3865.26
14000,211,1,633.71
14001,46,3,2030.33
14002,134,2,529.73
14004,43,7,4582.64
14005,10,5,2874.72
14006,116,3,962.19
14009,198,2,685.93
14012,278,1,328.8
14013,110,3,473.02
14014,77,1,505.18
14015,53,1,917.34
14016,162,4,4328.46
14019,47,3,1398.96
14020,17,2,642.8
14021,155,3,631.9
14022,225,1,440.0
14023,7,2,584.07
14024,122,2,327.7
14027,61,1,104.82
14029,63,2,467.66
14030,18,8,2358.84
14031,7,19,14634.64
14032,2,11,2929.84
14034,22,3,509.09
14035,29,5,1428.02
14036,285,1,626.65
14037,176,2,147.2
14038,78,3,1554.48
14039,33,1,152.2
14040,41,12,3487.59
14041,266,1,141.41
14044,27,4,646.42
14045,109,4,1659.75
14046,284,1,154.99
14047,9,5,1290.01
14048,305,1,375.13
14049,17,4,5536.15
14050,32,2,746.36
14051,1,23,15477.34
14052,20,1,225.36
14053,124,2,260.25
14054,65,1,92.46
14055,106,1,725.64
14056,1,23,8062.46
14057,24,17,6141.1
14059,267,1,183.6
14060,5,19,6135.38
14062,10,12,10464.85
14064,29,5,1168.92
14066,267,1,152.55
14067,64,2,374.7
14068,320,1,265.85
14071,4,8,1306.16
14073,32,1,139.54
14075,5,3,942.26
14076,129,1,118.67
14077,41,5,499.42
14078,102,6,1049.37
14079,125,1,375.1
14080,33,1,45.6
14081,302,2,891.77
14082,365,1,182.25
14083,4,9,1002.9
14085,2,18,4408.54
14087,3,1,178.72
14088,10,13,50415.49
14089,57,1,158.75
14090,325,1,76.32
14092,8,14,4063.1
14093,12,1,433.86
14096,4,17,57120.91
14098,37,1,147.35
14099,16,11,3092.97
14100,138,1,191.95
14101,74,6,5976.79
14102,5,5,1060.33
14104,155,2,216.21
14105,239,1,1260.33
14107,52,7,2688.48
14108,31,2,594.16
14109,73,1,80.2
14110,4,12,5669.65
14111,14,4,688.6
14112,23,7,2774.17
14113,4,4,1377.92
14114,274,2,386.53
14116,20,5,1382.74
14117,144,1,90.0
14121,4,4,2740.3
14124,84,1,419.58
14125,11,3,2720.63
14126,8,3,643.63
14127,123,3,709.71
14128,61,2,637.5
14129,2,5,1123.86
14130,319,1,480.91
14132,2,11,3580.13
14133,130,3,590.34
14135,2,15,4690.31
14138,2,2,965.88
14139,46,1,415.82
14140,4,2,920.05
14141,3,4,879.03
14142,373,1,311.81
14143,134,1,115.8
14145,47,4,3148.2
14146,9,5,2949.57
14147,78,2,468.4
14148,234,1,157.2
14149,221,1,259.43
14150,36,2,658.64
14152,75,2,611.09
14154,239,2,1345.62
14155,266,1,118.75
14156,10,55,113214.59
14157,20,2,392.44
14158,40,1,507.66
14159,20,11,4615.64
14161,216,3,1097.62
14162,174,2,289.36
14163,87,4,2445.91
14164,71,2,1631.77
14165,276,1,120.44
14167,39,4,562.59
14171,98,1,363.79
14173,11,4,450.84
14174,33,1,134.46
14175,60,3,3108.06
14176,297,4,574.0
14177,86,4,544.51
14178,9,7,1600.26
14179,41,2,701.57
14180,11,25,4640.77
14184,67,1,452.89
14185,331,1,197.65
14188,31,6,2018.91
14189,2,15,4604.31
14191,2,13,4660.01
14193,68,2,853.39
14194,5,21,11216.75
14195,202,2,962.7
14196,107,1,335.52
14198,18,4,663.5
14199,218,1,185.4
14201,60,7,688.04
14204,2,1,150.61
14205,17,2,218.78
14206,239,1,308.26
14208,95,1,151.74
14209,11,6,2067.13
14210,106,6,1900.89
14211,53,9,2208.3
14212,90,1,1070.48
14214,31,5,1000.23
14215,12,6,1777.92
14216,3,4,1839.3
14217,2,17,1925.36
14218,43,1,169.48
14219,4,1,89.94
14220,247,2,632.4
14221,42,9,3427.85
14222,177,1,683.17
14223,92,3,975.23
14224,110,4,1009.73
14226,29,5,2184.24
14227,26,10,3315.71
14229,52,3,1450.6
14231,184,3,822.06
14232,43,5,2043.93
14233,49,4,1447.51
14234,22,4,754.12
14235,75,5,3093.86
14236,81,2,490.86
14237,373,1,161.0
14238,326,1,146.85
14239,43,11,2323.5
14240,30,2,890.34
14241,184,1,213.7
14242,235,2,280.55
14243,9,10,2535.88
14245,220,2,1677.48
14246,111,3,1474.06
14247,278,1,136.77
14248,318,1,302.58
14250,7,3,1904.05
14251,2,5,2879.7
14256,260,2,935.06
14257,64,5,3087.27
14258,9,9,12650.08
14259,142,1,120.0
14261,51,2,1163.45
14262,8,8,2618.23
14264,155,2,319.47
14265,109,2,530.18
14267,163,3,1279.09
14270,332,1,492.65
14271,226,1,112.32
14272,74,2,437.96
14273,51,4,559.97
14276,99,3,1019.39
14277,15,3,3928.8
14280,197,1,134.04
14282,3,15,3701.44
14284,31,2,578.45
14285,21,4,1910.01
14286,24,3,4595.81
14287,8,3,151.23
14288,213,1,413.85
14289,9,6,911.26
14290,11,5,2307.45
14291,2,11,3873.3
14292,8,9,4819.33
14293,3,4,1046.56
14295,40,1,154.7
14297,18,4,1284.06
14298,8,44,50862.44
14299,8,9,2855.35
14300,19,1,43.2
14301,117,1,632.04
14304,223,1,197.1
14305,71,3,1803.76
14306,51,2,2083.42
14307,89,6,2995.72
14309,8,9,2319.68
14311,243,1,229.71
14312,47,6,1611.59
14314,107,1,120.0
14315,45,6,2456.98
14317,65,1,508.58
14320,207,2,343.11
14321,11,5,1530.75
14323,115,2,574.26
14326,242,1,166.85
14327,163,1,311.65
14329,17,7,4889.14
14331,124,2,462.66
14332,23,3,840.21
14333,68,1,351.45
14334,17,8,2539.46
14335,16,2,454.86
14336,17,4,1614.91
14338,161,2,554.22
14339,243,1,289.91
14340,219,1,134.7
14341,45,8,2151.08
14342,21,4,607.71
14344,127,8,889.93
14345,39,1,108.98
14346,121,2,1021.58
14348,260,1,409.57
14349,10,1,133.5
14350,274,1,258.7
14351,165,1,51.0
14352,157,4,1078.96
14353,215,1,90.6
14354,6,2,163.62
14355,366,1,174.4
14356,80,2,666.94
14357,43,1,225.12
14359,19,3,882.58
14360,32,4,2118.03
14362,22,1,151.5
14364,109,8,3717.35
14367,8,16,9134.12
14368,320,1,155.0
14371,295,1,100.5
14373,358,1,76.55
14375,185,1,235.56
14377,191,2,617.05
14379,44,2,348.1
14381,52,1,202.68
14382,26,1,615.49
14383,38,3,1247.69
14385,9,3,202.11
14386,297,1,142.4
14387,33,3,1727.6
14388,10,8,3172.04
14389,65,2,999.72
14390,10,9,4582.22
14393,218,1,67.95
14395,2,9,3444.11
14396,65,2,487.99
14397,3,19,2556.68
14400,149,1,559.7
14401,4,13,4039.98
14403,130,4,1426.31
14404,34,6,1409.72
14406,119,1,156.75
14407,107,6,2111.08
14408,11,7,2599.03
14409,71,6,1908.25
14410,92,9,573.45
14411,311,1,1063.0
14412,43,2,761.33
14413,362,1,121.05
14414,92,7,1485.13
14415,1,13,5766.85
14416,22,2,490.22
14418,4,3,1937.25
14419,11,6,1051.79
14420,99,1,385.87
14421,57,2,813.11
14422,1,6,4263.64
14423,218,1,265.2
14424,18,1,322.08
14426,24,10,3918.9
14427,50,2,363.34
14428,7,5,1209.37
14431,303,1,423.26
14432,10,6,2248.5
14434,22,6,1372.8
14436,99,1,89.06
14438,306,1,131.9
14439,320,1,2661.24
14440,8,5,2357.68
14441,1,4,1545.14
14442,205,2,1544.62
14443,54,4,1400.88
14446,1,4,1010.35
14447,19,5,1163.23
14448,9,2,375.35
14449,19,4,885.8
14450,181,3,483.25
14451,60,2,643.9
14452,11,2,259.05
14453,190,1,119.93
14456,5,9,3002.51
14457,311,1,113.64
14459,155,1,1837.92
14460,110,3,383.34
14461,148,3,2103.06
14462,66,11,1942.45
14463,98,3,529.62
14465,247,3,1038.44
14466,29,7,2272.4
14467,18,4,596.26
14470,12,2,461.19
14472,104,8,1852.67
14473,74,2,234.34
14474,46,1,537.71
14475,72,3,799.82
14476,257,1,193.0
14477,20,4,1307.81
14479,254,2,316.25
14480,11,1,279.05
14481,165,2,636.51
14482,18,6,2022.81
14483,282,1,129.2
14484,50,1,321.92
14485,39,1,162.8
14487,27,6,1152.73
14488,68,1,1047.43
14489,207,1,463.38
14491,175,2,340.93
14493,7,5,2362.84
14494,26,1,139.56
14495,51,2,123.8
14496,312,2,538.81
14497,309,1,457.47
14498,43,5,1957.32
14499,26,3,808.44
14500,88,3,356.85
14501,184,2,190.31
14502,20,11,2310.18
14503,3,6,3543.26
14504,47,4,673.26
14505,17,8,5772.49
14506,17,5,1960.65
14507,24,6,1352.88
14508,22,2,268.05
14511,11,5,1267.41
14512,188,2,275.28
14513,101,3,438.49
14514,61,3,990.2
14515,18,6,2076.89
14517,33,2,330.45
14518,64,1,174.37
14520,2,2,270.6
14522,24,4,974.54
14523,108,1,241.09
14524,32,9,1843.83
14525,20,9,4105.07
14527,3,55,7709.69
14528,37,1,364.22
14529,60,3,578.61
14530,26,6,2862.11
14532,236,4,932.85
14533,25,7,1812.62
14534,3,18,4025.6
14535,60,3,2831.74
14536,260,1,170.95
14537,58,1,355.56
14538,65,2,388.25
14539,16,2,537.48
14540,10,3,952.66
14541,59,8,1453.35
14542,186,1,103.25
14543,29,16,2916.17
14544,24,2,2004.3
14546,5,5,2482.86
14547,4,8,3953.95
14548,151,2,652.8
14549,311,1,289.24
14550,11,2,757.37
14551,18,2,186.23
14552,152,1,164.22
14553,19,5,859.27
14554,10,4,2279.49
14555,57,2,312.54
14560,7,22,2174.18
14561,76,3,1080.76
14562,4,18,4676.62
14565,96,4,3073.77
14566,111,1,1432.0
14567,57,2,1524.46
14569,1,1,227.39
14570,281,2,218.06
14572,3,7,2775.39
14573,180,9,1590.12
14576,372,1,35.4
14577,13,4,859.71
14578,3,1,168.63
14581,17,1,138.6
14582,41,1,114.11
14583,6,5,986.96
14584,169,4,1020.06
14585,50,1,157.05
14586,277,1,134.16
14587,19,9,1577.39
14589,372,1,39.75
14591,15,4,1320.21
14592,35,3,557.94
14593,22,3,617.15
14594,7,2,363.33
14595,20,6,1740.6
14597,11,2,866.24
14598,44,1,221.97
14600,306,1,393.33
14601,11,1,213.96
14603,275,1,660.0
14606,1,93,11633.35
14607,16,14,10981.1
14608,4,4,1785.15
14609,72,4,601.56
14616,243,3,406.08
14618,9,3,538.59
14619,246,1,379.51
14620,206,2,393.28
14621,1,5,1765.76
14622,185,1,320.58
14623,32,5,866.8
14624,57,2,225.85
14625,196,2,848.48
14626,24,4,2757.07
14628,91,2,671.96
14629,4,2,935.46
14631,51,3,1006.98
14632,263,1,114.56
14633,266,1,344.9
14636,36,2,609.85
14638,51,1,443.6
14639,52,6,2952.34
14640,24,6,2024.45
14641,22,1,110.46
14642,59,1,96.12
14643,170,2,668.61
14644,68,2,780.46
14645,157,2,597.09
14646,2,73,279489.02
14647,201,1,236.04
14649,5,4,1402.59
14651,67,2,653.75
14652,77,1,114.18
14653,1,7,1926.65
14655,8,4,1930.15
14656,169,2,291.05
14657,18,4,838.27
14658,5,2,247.15
14659,9,9,2456.53
14660,87,2,285.74
14661,27,1,107.95
14662,29,4,741.37
14664,20,2,636.24
14665,61,5,1258.38
14666,24,1,195.25
14667,11,25,9165.04
14669,242,3,1259.24
14670,280,2,392.86
14672,235,2,765.55
14673,3,5,1736.4
14675,16,1,596.36
14676,31,6,2543.24
14680,25,16,26932.34
14681,71,3,498.95
14682,188,2,52.0
14684,26,5,1201.51
14687,107,1,628.38
14688,8,21,5055.61
14689,209,1,112.8
14690,44,2,341.96
14691,31,5,2114.33
14692,137,4,582.05
14693,265,1,172.9
14696,4,7,2070.97
14697,218,2,188.61
14698,2,5,1217.27
14699,214,1,109.13
14700,32,3,2195.1
14701,11,9,2462.94
14702,1,17,3210.29
14703,15,1,318.17
14704,11,9,1493.96
14705,199,1,179.0
14708,3,3,1096.67
14709,15,13,4911.14
14710,14,4,599.48
14711,10,11,2809.02
14712,29,3,917.07
14713,9,11,2660.1
14714,24,1,160.19
14715,25,4,867.38
14716,43,2,307.51
14719,2,5,1571.89
14720,6,3,663.81
14722,147,1,180.42
14723,10,6,1122.36
14725,25,1,655.58
14727,274,1,268.58
14729,374,1,313.49
14730,1,8,1897.57
14731,47,3,380.02
14732,8,8,2686.34
14733,16,12,9451.54
14735,4,32,5807.69
14737,4,3,1164.55
14738,43,7,1289.94
14739,4,7,3899.1
14740,197,3,1423.21
14741,12,6,1400.34
14744,16,7,1088.53
14745,113,5,1167.16
14747,249,1,294.3
14748,29,5,1311.79
14752,44,1,389.64
14753,87,1,563.15
14754,45,2,638.05
14755,10,11,4965.38
14756,15,1,738.96
14757,75,1,420.5
14758,145,4,1484.06
14759,5,3,1625.97
14760,297,1,53.8
14761,59,2,255.9
14762,264,1,300.52
14764,47,1,250.55
14765,29,3,254.11
14766,8,6,2423.07
14768,17,2,139.5
14769,3,8,10383.83
14770,232,2,876.42
14772,112,1,139.26
14775,58,3,1011.9
14776,51,11,2195.58
14778,127,2,730.86
14779,281,3,386.15
14780,55,2,447.68
14782,320,1,200.1
14784,26,2,289.99
14785,10,2,77.4
14788,7,2,679.44
14789,29,1,197.64
14790,17,4,745.06
14793,21,1,214.14
14794,3,7,1272.11
14795,166,1,131.45
14796,1,17,7792.51
14798,53,3,173.74
14799,51,1,157.7
14800,48,12,4228.39
14801,61,1,189.34
14803,162,3,845.55
14804,9,1,353.27
14805,15,4,546.4
14806,75,1,193.39
14808,40,8,2152.8
14810,41,11,2085.33
14813,370,2,152.88
14815,37,2,778.5
14816,197,1,271.85
14817,200,2,1110.34
14818,74,3,657.8
14819,64,2,272.07
14820,21,4,507.29
14821,367,1,48.8
14823,180,3,321.43
14824,10,4,1127.71
14825,4,12,2221.01
14828,197,3,2139.76
14829,29,4,644.65
14830,53,1,188.88
14834,18,6,1698.35
14836,10,3,102.45
14837,90,4,1641.2
14840,268,1,62.85
14841,53,6,3295.76
14842,44,4,2456.8
14844,64,4,3189.81
14847,149,1,309.4
14849,22,25,7904.28
14850,312,1,278.15
14851,23,2,511.35
14852,58,6,2836.69
14853,24,2,463.05
14854,78,7,2730.09
14855,119,2,645.65
14856,36,3,1290.53
14857,60,2,1165.65
14859,13,4,1352.04
14860,19,1,168.62
14861,52,1,125.79
14862,26,2,841.2
14863,29,1,266.76
14865,7,2,52.2
14866,11,12,14197.45
14867,186,3,701.33
14868,3,8,2939.64
14869,9,2,717.7
14870,262,1,327.25
14871,3,4,501.28
14873,210,1,519.68
14875,108,2,1448.72
14878,13,9,1476.09
14880,77,3,690.59
14881,20,1,255.4
14882,27,2,589.7
14883,19,6,756.64
14885,132,1,765.32
14886,253,1,364.8
14887,79,1,1862.0
14888,207,1,369.2
14889,336,1,135.9
14890,254,1,125.65
14891,148,2,554.38
14893,10,2,1237.85
14894,85,1,655.75
14895,8,20,11020.26
14896,205,2,468.77
14897,8,4,1366.38
14898,23,6,1194.11
14901,11,9,1414.99
14902,26,1,314.11
14903,21,5,2729.18
14904,2,2,1025.44
14905,158,2,599.9
14907,3,7,3478.85
14908,74,1,277.8
14910,3,4,389.86
14911,1,201,132458.73
14912,17,2,841.52
14913,36,4,1227.43
14915,91,2,258.83
14916,71,4,1264.84
14918,116,2,1610.15
14920,213,2,977.77
14921,30,2,1316.07
14923,51,1,749.1
14924,246,1,310.05
14929,32,1,223.88
14930,109,3,2362.96
14931,5,5,964.68
14932,366,1,363.53
14934,82,2,1888.84
14935,297,1,1784.71
14936,34,8,8117.42
14937,57,3,1617.63
14944,30,12,5842.95
14946,14,1,100.9
14947,72,2,290.82
14948,23,6,1066.57
14950,19,1,361.25
14951,79,1,311.69
14952,60,11,7912.79
14953,25,1,285.67
14954,12,1,294.85
14957,253,1,58.49
14958,147,3,483.73
14959,64,4,684.97
14960,8,2,221.27
14961,11,9,7006.58
14962,271,1,126.7
14963,10,5,1472.34
14964,247,1,206.21
14965,96,2,596.09
14966,15,1,183.02
14967,50,1,463.8
14968,30,1,147.59
14970,68,4,1592.06
14971,35,3,1097.98
14972,128,1,114.77
14973,107,3,1314.45
14974,37,1,89.94
14975,57,1,279.94
14976,57,7,765.86
14978,72,5,1921.37
14981,246,1,102.12
14984,19,2,202.37
14985,198,2,292.01
14987,16,2,326.4
14988,212,1,334.54
14995,39,2,231.98
14997,46,3,540.98
14998,170,2,414.87
15000,48,1,490.52
15002,116,4,1641.76
15004,147,1,1220.77
15005,16,28,6160.54
15006,51,1,480.38
15007,159,1,156.91
15009,12,3,1259.43
15010,36,1,308.94
15012,54,2,405.04
15014,43,2,257.67
15016,173,1,170.04
15017,34,1,125.58
15018,39,3,456.26
15019,267,1,252.81
15021,9,9,1829.23
15022,12,4,852.39
15023,3,11,6680.81
15024,10,10,1636.43
15025,33,1,361.96
15026,80,3,469.0
15027,31,4,1051.95
15028,8,4,627.13
15030,72,2,518.28
15031,4,4,653.19
15032,256,3,4464.1
15033,5,10,2541.53
15034,16,8,4243.21
15035,90,1,252.73
15036,72,3,429.56
15038,59,6,645.84
15039,10,47,19638.59
15041,170,1,179.93
15042,199,1,135.93
15043,31,1,537.0
15044,19,17,7563.88
15045,152,2,633.66
15046,9,15,4940.66
15047,270,1,343.62
15048,65,4,377.52
15049,274,1,121.17
15050,25,3,1682.77
15051,23,3,1383.36
15052,319,1,207.73
15053,5,3,693.95
15054,12,2,302.1
15057,275,2,1489.5
15058,25,11,2102.54
15059,41,9,1325.82
15060,8,4,294.25
15061,4,48,54228.74
15062,71,4,987.86
15063,213,1,370.8
15065,38,4,3135.98
15066,53,1,760.59
15067,78,3,1744.76
15068,46,2,553.36
15069,179,1,1109.53
15070,373,1,106.2
15071,94,2,982.07
15073,10,3,612.43
15074,105,1,735.67
15075,78,1,773.03
15076,173,1,880.85
15078,7,32,9623.35
15079,213,4,893.66
15081,22,5,487.35
15083,257,1,88.2
15087,282,1,306.94
15088,21,2,1140.27
15089,10,6,2420.84
15090,308,1,381.32
15091,68,1,476.96
15092,215,2,457.81
15093,18,6,4410.14
15095,104,4,1364.7
15096,43,1,219.39
15097,4,1,248.08
15098,182,3,649.5
15099,84,1,410.48
15100,334,3,635.1
15101,9,2,310.03
15103,31,2,703.36
15104,197,2,968.64
15105,18,7,2298.93
15106,18,5,1407.73
15107,311,6,247.66
15108,142,4,1291.75
15109,246,1,463.75
15110,24,4,973.2
15111,29,3,1567.48
15113,10,3,3339.51
15114,30,10,2760.56
15115,18,1,340.11
15116,18,4,1352.75
15117,15,5,1550.13
15118,134,1,244.8
15119,246,1,266.4
15120,134,1,343.82
15121,50,2,457.72
15122,114,3,1612.13
15123,7,2,2199.31
15124,23,2,184.19
15125,25,15,11117.05
15127,66,1,406.53
15128,60,4,1419.54
15129,50,11,3447.4
15130,170,1,330.11
15132,18,5,977.93
15133,128,3,982.42
15134,15,8,1387.99
15135,239,1,127.15
15136,3,4,1282.45
15139,240,2,178.96
15140,52,7,2350.0
15142,46,1,498.74
15143,226,1,259.45
15144,8,17,6530.04
15145,4,4,1194.73
15146,165,2,1313.66
15147,240,1,608.65
15148,11,1,301.29
15149,134,1,520.8
15150,17,10,5280.83
15152,10,13,4684.24
15153,31,1,329.25
15154,75,1,224.73
15156,1,3,961.49
15157,4,3,1869.5
15158,45,1,401.4
15159,2,30,18573.68
15160,357,1,158.16
15163,18,2,304.47
15164,69,3,824.58
15165,373,1,487.75
15167,321,1,158.8
15168,26,1,106.56
15171,331,1,1034.5
15172,9,5,1624.05
15174,323,1,135.75
15175,72,1,224.14
15178,260,1,40.5
15179,18,5,2186.2
15180,367,1,87.5
15181,66,3,680.28
15182,154,2,622.85
15184,29,2,402.2
15185,70,1,310.62
15186,14,2,411.41
15187,2,16,4670.08
15189,1,41,15802.14
15192,120,3,1044.32
15193,61,1,499.32
15194,3,15,7521.17
15195,3,1,3861.0
15197,11,3,656.44
15198,92,2,193.64
15199,59,4,1268.7
15201,87,5,927.84
15203,26,6,1827.8
15204,357,1,316.58
15205,85,2,648.83
15206,10,4,420.3
15208,1,5,867.62
15210,225,1,331.18
15211,60,2,894.41
15212,241,1,88.95
15213,319,2,325.05
15214,2,8,1661.44
15215,47,3,615.99
15216,88,1,96.6
15218,11,11,5756.89
15219,176,1,305.75
15220,52,6,1758.92
15221,366,1,114.1
15222,319,1,585.0
15223,226,2,454.9
15224,358,2,310.48
15225,234,1,409.4
15226,311,1,154.41
15227,37,5,1219.4
15228,66,4,3376.96
15230,239,2,429.6
15232,113,2,612.06
15234,277,1,197.0
15235,218,12,2247.51
15236,299,1,321.05
15237,2,4,1412.32
15238,29,3,1056.54
15239,10,2,764.34
15240,45,5,1685.57
15241,67,8,1738.59
15243,74,1,316.68
15244,65,2,631.57
15245,134,3,2515.84
15246,238,2,514.15
15247,122,1,356.0
15249,32,13,6657.36
15251,9,11,10327.11
15252,36,2,740.78
15253,16,5,915.3
15254,127,1,300.36
15255,67,1,890.85
15256,149,1,98.45
15257,283,1,232.15
15258,169,2,623.16
15260,100,7,1780.77
15261,135,1,254.82
15262,324,1,178.95
15263,107,1,156.51
15264,64,1,393.74
15265,151,2,1506.12
15266,338,1,119.3
15267,22,5,1717.36
15269,24,1,408.8
15270,16,7,2298.2
15271,7,15,2472.09
15272,57,2,721.94
15274,4,2,716.57
15275,38,1,609.19
15276,66,1,128.63
15277,47,1,255.9
15279,355,1,277.41
15280,172,1,113.12
15281,59,9,2239.95
15286,50,1,240.55
15287,22,2,485.24
15288,43,5,2306.52
15289,29,3,935.1
15290,5,18,7803.77
15291,26,15,4596.51
15292,201,1,178.39
15296,51,6,3610.31
15297,10,3,635.04
15298,2,12,3774.1
15299,67,7,3787.09
15300,64,1,496.44
15301,51,12,5007.72
15303,290,1,574.02
15304,61,8,680.3
15306,64,3,1174.35
15307,96,1,205.3
15308,274,1,302.27
15311,1,91,59284.19
15312,75,4,921.1
15313,110,1,52.0
15314,199,1,327.97
15315,64,2,551.54
15316,327,1,165.0
15318,4,1,312.62
15319,284,1,204.5
15320,44,1,267.13
15321,71,3,2663.48
15322,86,1,602.97
15325,104,1,161.74
15326,334,1,311.71
15327,53,1,208.75
15329,39,3,1005.5
15330,32,2,714.96
15332,366,4,1661.06
15333,208,1,1028.56
15334,157,3,350.82
15335,54,1,170.22
15339,66,2,557.57
15341,81,1,2020.52
15342,130,1,391.76
15343,87,1,364.5
15344,1,3,476.58
15345,46,1,367.69
15346,333,1,252.42
15347,366,1,201.6
15348,72,1,158.04
15349,158,2,463.91
15350,373,1,115.65
15351,12,7,1836.69
15353,255,2,770.12
15355,29,2,277.05
15356,31,10,2718.03
15358,5,22,8235.65
15360,40,1,427.93
15361,362,1,418.92
15363,373,1,318.05
15364,96,2,913.19
15365,26,7,1330.45
15366,75,2,602.51
15367,57,4,1867.69
15368,21,1,446.94
15370,41,7,2360.55
15372,137,1,2007.4
15373,8,12,2213.11
15374,129,1,168.0
15376,40,3,1221.56
15379,169,7,3631.89
15380,9,5,1682.36
15381,214,2,596.85
15382,15,6,5927.86
15384,170,2,635.76
15385,40,1,316.88
15386,186,1,394.14
15388,270,1,140.54
15389,172,1,500.0
15392,5,4,1515.73
15393,16,2,231.86
15394,10,4,2183.54
15395,326,1,107.45
15396,113,1,288.18
15397,290,1,94.0
15398,16,2,1339.63
15399,1,3,815.77
15400,92,5,666.7
15402,149,2,626.77
15405,189,1,349.1
15406,31,2,426.61
15407,34,4,1046.74
15408,264,1,267.18
15410,84,8,3450.84
15411,26,4,1336.43
15412,171,1,190.53
15414,10,3,774.9
15415,313,1,559.61
15416,65,4,3974.37
15417,85,1,508.8
15419,25,1,135.86
15421,59,4,950.36
15422,323,2,97.7
15423,38,1,43.5
15424,254,2,383.34
15426,19,5,1386.58
15427,33,3,1430.54
15428,15,1,93.78
15429,27,2,364.9
15432,23,1,171.19
15433,214,2,417.87
15434,8,5,997.48
15435,22,1,149.29
15436,12,3,1067.75
15437,262,1,200.16
15438,131,1,156.58
15440,55,3,383.68
15442,249,1,594.0
15443,2,7,3188.84
15444,9,2,1411.21
15445,264,1,113.5
15447,331,1,155.17
15448,313,1,494.64
15449,26,3,971.22
15450,30,1,429.84
15452,30,3,528.48
15453,2,7,1371.77
15454,362,1,179.1
15456,283,3,434.59
15457,262,1,237.07
15458,25,1,161.64
15460,354,1,214.26
15462,94,3,234.6
15463,29,1,126.14
15464,338,1,1044.65
15465,20,18,6945.02
15466,85,1,334.53
15467,9,3,511.88
15468,51,2,438.46
15469,50,2,504.5
15471,2,1,454.48
15472,113,1,371.56
15473,14,7,1465.2
15475,77,1,454.11
15478,40,2,1399.92
15480,116,1,905.5
15482,16,12,6393.52
15483,161,4,225.26
15484,1,4,3559.21
15485,30,3,2564.5
15488,93,1,91.32
15489,23,3,1090.03
15491,95,6,3090.85
15492,28,2,659.46
15493,33,5,1918.86
15494,21,2,1280.58
15497,18,2,1259.7
15498,3,27,12396.46
15500,8,4,1131.56
15502,16,12,5541.46
15503,363,1,141.04
15504,81,1,52.83
15505,53,5,3497.14
15506,23,3,972.08
15507,172,1,475.86
15508,189,6,1000.27
15510,331,1,250.0
15511,12,5,900.53
15512,156,2,121.0
15513,33,19,14520.08
15514,12,11,2907.45
15516,45,3,62.43
15517,233,1,267.03
15518,64,8,1890.99
15520,2,1,343.5
15521,40,8,2574.65
15522,33,2,397.99
15523,84,1,412.01
15524,25,1,440.0
15525,2,3,719.47
15526,33,2,148.44
15527,19,8,2347.57
15528,254,1,229.33
15529,23,11,3935.15
15530,22,4,1497.31
15531,8,2,1972.39
15532,25,4,1500.88
15533,19,3,746.92
15535,173,4,426.4
15537,163,1,110.92
15539,7,1,538.46
15540,11,1,213.3
15541,114,1,85.13
15543,288,1,127.86
15544,9,9,3542.51
15545,54,2,288.97
15547,7,14,4910.6
15549,77,3,1643.96
15550,4,4,575.63
15551,37,1,436.06
15552,217,1,90.12
15553,60,1,428.93
15554,278,1,217.2
15555,12,16,4747.89
15556,24,1,279.77
15557,29,1,468.91
15561,12,4,722.74
15562,352,1,134.55
15563,22,4,1319.69
15565,50,2,173.16
15567,19,1,186.01
15568,3,3,758.29
15569,104,5,1375.71
15570,7,12,4093.27
15571,12,4,650.43
15572,5,7,2533.42
15573,32,2,591.19
15574,178,4,675.64
15576,38,1,921.37
15577,151,3,258.88
15578,162,1,127.1
15579,69,2,327.6
15581,121,13,3425.77
15582,25,3,682.91
15584,24,4,718.36
15585,177,1,455.3
15587,50,4,913.68
15589,256,3,456.58
15592,47,1,388.58
15593,71,1,199.8
15594,16,5,1767.53
15596,101,5,1343.34
15597,35,1,315.72
15598,53,1,235.68
15599,27,2,761.74
15601,11,14,6745.36
15602,8,9,1083.63
15603,79,1,48.48
15604,52,1,216.39
15605,36,5,1198.23
15606,61,9,2422.64
15607,337,1,104.76
15608,28,4,1093.68
15609,184,1,270.03
15610,52,1,112.46
15611,10,13,1568.39
15612,36,2,195.15
15615,10,23,10360.04
15618,33,4,747.03
15619,11,1,336.4
15620,57,3,1524.4
15621,4,4,1158.77
15622,43,9,3224.53
15623,141,1,301.03
15624,117,4,588.13
15625,104,4,1504.56
15626,75,2,675.8
15628,5,9,2865.64
15630,45,2,1180.4
15632,16,8,3147.31
15634,17,1,243.55
15636,90,2,724.76
15637,53,1,223.36
15639,134,1,425.32
15640,4,15,12336.74
15641,105,4,1887.2
15643,192,3,647.4
15644,166,4,803.54
15645,19,1,612.01
15646,158,3,425.14
15648,204,2,582.05
15649,336,2,816.0
15651,37,3,646.3
15652,91,1,337.74
15653,93,2,877.44
15654,9,2,922.53
15655,243,1,511.32
15656,45,4,748.5
15657,23,1,30.0
15658,190,5,958.9
15659,44,1,306.45
15660,25,9,1552.01
15661,317,2,309.8
15663,106,1,138.14
15664,51,1,358.63
15665,168,2,2222.21
15667,40,1,301.32
15668,218,1,76.32
15669,40,4,677.69
15670,297,1,173.05
15671,19,7,2635.49
15673,88,4,2726.23
15674,73,5,1744.02
15675,81,3,323.69
15676,19,3,3324.09
15677,49,1,657.23
15678,53,1,352.7
15679,24,4,781.28
15680,9,3,1333.68
15681,25,5,946.36
15683,117,1,193.75
15687,9,9,2981.5
15689,120,2,254.1
15690,4,2,239.76
15691,252,1,136.8
15692,28,1,191.04
15694,1,14,6423.6
15695,267,2,409.98
15696,33,8,2619.11
15699,18,1,309.65
15700,172,2,664.03
15701,2,4,1529.0
15703,265,1,211.5
15704,140,4,2293.62
15705,201,1,143.1
15706,64,4,1001.81
15707,35,4,916.98
15708,41,7,3200.73
15709,284,1,133.25
15712,9,5,1072.36
15713,143,2,346.75
15714,12,2,330.03
15716,146,4,1101.11
15717,234,1,150.3
15719,33,13,5028.42
15720,24,1,598.73
15721,12,1,471.4
15722,36,5,2169.86
15723,365,1,190.7
15724,201,2,212.3
15725,15,1,415.25
15727,17,7,5159.06
15729,213,1,62.0
15730,66,3,1108.38
15732,212,2,294.12
15733,283,1,162.3
15734,115,2,1339.45
15737,15,8,1121.21
15738,19,16,4788.77
15739,66,1,449.12
15740,49,1,154.88
15743,16,4,775.96
15744,78,1,34.8
15745,19,4,1071.24
15746,134,1,182.96
15747,13,3,946.64
15748,40,1,144.36
15749,235,3,21535.9
15750,3,8,2448.8
15752,40,7,2618.15
15753,305,1,79.2
15754,51,3,455.67
15755,10,6,2318.88
15756,61,4,528.01
15757,66,2,714.42
15758,25,1,205.25
15759,218,3,253.04
15762,65,2,583.75
15763,32,2,1048.67
15764,88,6,3245.47
15766,64,1,315.06
15768,116,3,581.83
15769,7,26,51823.72
15773,6,1,635.68
15774,69,1,270.8
15775,245,1,104.9
15776,133,1,241.62
15777,241,4,1021.61
15780,184,3,475.28
15781,25,3,333.56
15782,10,3,2593.94
15783,11,1,246.3
15785,33,5,2303.75
15786,46,3,4821.0
15787,26,3,933.26
15789,358,1,351.3
15790,10,1,218.75
15791,44,2,1604.44
15793,15,3,948.96
15795,150,1,610.01
15796,1,8,2663.66
15797,113,4,2207.4
15799,76,3,884.14
15800,107,2,696.89
15801,46,3,1042.19
15803,51,1,415.82
15804,1,13,3848.55
15805,23,17,5411.87
15806,46,3,784.58
15807,50,3,903.9
15808,306,4,3641.07
15809,36,5,399.21
15810,79,4,1145.43
15811,22,6,2171.32
15812,107,5,1801.14
15813,208,2,1303.91
15814,17,4,1842.73
15815,64,5,2100.6
15819,49,4,1905.45
15820,320,1,206.98
15821,44,2,570.96
15822,3,2,885.47
15825,172,1,532.94
15826,56,3,1649.36
15827,73,14,1641.48
15829,99,2,636.14
15830,38,1,547.7
15831,58,3,740.64
15832,254,1,836.79
15834,70,4,2076.3
15835,44,4,954.09
15836,50,1,117.47
15837,65,1,391.98
15838,11,19,33350.76
15839,33,3,1020.74
15840,59,2,345.66
15841,73,4,1209.1
15843,304,1,118.95
15844,46,1,130.74
15845,18,8,3650.87
15847,38,2,389.27
15850,19,2,234.88
15852,187,2,160.71
15853,52,1,110.8
15854,4,12,2969.12
15855,137,5,712.24
15856,4,27,15929.74
15857,19,1,297.0
15858,16,5,1427.57
15860,41,8,965.16
15861,12,8,2981.92
15862,8,4,832.88
15863,26,2,68.84
15864,22,6,1769.78
15865,41,3,895.13
15866,101,1,211.89
15867,5,15,3795.29
15869,277,2,149.64
15870,33,1,351.44
15872,15,2,316.25
15874,64,7,4330.67
15877,2,2,437.83
15880,369,1,299.03
15881,312,5,438.24
15882,199,4,495.36
15883,2,2,396.48
15885,93,3,379.35
15886,60,1,181.09
15888,81,1,141.27
15889,157,2,420.07
15891,227,1,511.68
15894,253,2,258.25
15895,150,1,179.17
15897,194,2,208.59
15898,1,5,1379.63
15899,369,1,56.25
15900,24,1,337.28
15901,17,3,351.73
15903,10,7,5126.34
15904,8,1,164.68
15906,20,7,1521.79
15907,4,3,882.72
15909,174,1,191.94
15910,1,8,1228.88
15912,178,2,264.62
15916,16,8,1466.01
15917,248,1,123.1
15918,191,2,334.23
15919,20,2,525.69
15920,154,4,167.5
15921,173,1,323.03
15922,373,1,363.6
15923,373,1,127.08
15925,194,1,207.15
15930,67,1,426.63
15932,4,8,2461.85
15933,21,3,1107.46
15935,239,2,416.86
15937,64,1,145.35
15938,112,5,404.58
15939,90,15,6102.26
15940,311,1,31.8
15942,134,1,337.44
15944,277,1,325.1
15945,365,1,181.0
15947,83,1,1708.24
15948,8,2,955.24
15949,17,2,364.72
15950,32,4,1684.46
15951,9,2,669.57
15952,34,4,781.91
15953,15,8,1632.43
15955,24,14,4389.81
15957,32,1,428.89
15958,74,1,104.35
15963,20,2,470.76
15965,17,4,808.87
15967,23,2,397.68
15969,3,3,582.9
15970,304,1,314.1
15971,18,12,4199.85
15973,367,1,99.77
15974,39,7,3429.55
15975,84,1,371.01
15976,165,2,427.64
15977,17,2,1054.73
15978,77,1,1098.78
15980,89,3,2398.86
15981,25,8,3408.48
15983,22,4,1465.12
15984,3,10,2759.93
15985,123,2,1037.42
15986,30,1,168.12
15987,12,7,1432.77
15988,19,1,156.78
15990,44,2,792.11
15992,4,1,41.99
15993,9,7,2736.92
15994,55,1,414.27
15996,88,6,1016.68
15998,37,5,3074.42
16000,3,3,12393.7
16003,30,5,2735.37
16005,12,4,578.71
16006,211,1,101.4
16007,48,4,1693.81
16008,24,3,478.78
16009,22,4,972.11
16010,246,3,392.4
16011,8,16,3352.96
16012,35,3,1415.29
16013,4,47,33366.25
16014,38,3,637.58
16015,4,3,689.7
16016,3,8,1440.06
16017,47,1,211.88
16018,39,2,408.9
16019,47,9,3450.24
16020,17,3,851.01
16022,260,1,602.63
16023,46,3,719.81
16024,12,1,251.03
16025,30,1,439.66
16026,43,1,236.09
16027,92,6,852.12
16029,39,63,53168.69
16030,310,1,331.24
16031,92,2,547.9
16033,6,20,8690.03
16034,196,3,437.7
16036,87,2,758.92
16037,270,3,855.02
16038,8,3,454.33
16040,65,3,1313.55
16041,31,3,3166.4
16042,22,5,1127.57
16043,38,4,773.99
16045,120,4,1340.7
16048,373,2,243.69
16049,40,3,1074.81
16050,174,1,137.9
16052,54,1,362.06
16053,33,2,1511.95
16054,145,1,783.9
16055,221,1,134.8
16056,45,1,650.75
16057,16,7,2140.22
16059,66,6,1453.16
16062,10,4,1153.62
16063,260,1,335.32
16065,365,1,367.14
16066,17,5,1521.04
16070,22,2,852.15
16071,45,1,326.24
16072,288,1,584.32
16073,297,1,94.35
16076,3,10,2173.53
16078,284,1,79.2
16079,17,3,1352.0
16080,82,2,176.6
16081,56,5,2799.42
16083,101,2,1317.62
16084,299,1,436.18
16085,23,5,981.51
16086,59,5,1119.31
16091,155,2,315.06
16092,115,3,779.36
16093,107,1,17.0
16094,12,4,1041.83
16096,264,1,320.62
16097,240,1,185.05
16098,88,7,2005.63
16099,50,3,731.9
16101,71,1,1245.96
16102,42,3,1842.14
16103,7,6,1429.64
16104,62,1,298.21
16105,249,1,336.96
16106,66,1,108.38
16107,18,7,3204.16
16108,85,1,816.1
16109,219,2,611.88
16110,45,3,1320.95
16112,143,4,195.74
16113,183,1,161.38
16114,171,1,135.75
16115,10,8,1660.88
16116,212,1,592.88
16117,190,1,232.21
16119,8,2,423.36
16120,59,4,1294.14
16121,57,2,854.66
16122,73,4,684.42
16123,52,1,307.78
16124,317,1,187.15
16125,367,1,289.35
16126,29,4,6287.77
16127,39,1,656.25
16128,18,5,1880.22
16131,52,6,3506.54
16133,4,33,14305.66
16134,22,2,603.69
16135,263,1,517.55
16136,60,3,709.38
16139,19,3,635.41
16140,66,2,703.77
16141,88,1,620.4
16142,250,1,535.34
16143,3,6,2419.84
16144,247,1,175.2
16145,9,11,3741.98
16146,157,3,734.13
16147,134,1,375.0
16148,296,1,76.32
16149,5,2,280.52
16150,43,5,1906.07
16152,269,1,1829.04
16153,50,5,1824.23
16156,9,9,2994.62
16157,16,3,644.24
16159,282,1,348.2
16160,65,2,1009.45
16161,2,19,5311.08
16162,252,1,37.4
16163,232,2,441.6
16164,17,3,802.53
16168,11,27,3770.6
16169,8,4,1822.97
16170,51,6,1880.42
16171,59,1,73.2
16172,95,5,1140.21
16173,16,6,1406.57
16174,126,3,1009.55
16175,94,4,1037.59
16177,50,1,331.95
16178,138,1,197.9
16179,61,1,215.83
16180,100,8,10217.48
16181,73,1,305.54
16182,72,4,6617.65
16183,67,1,338.71
16184,64,6,1155.54
16185,17,2,529.41
16186,23,12,3991.94
16187,32,15,6841.24
16188,45,4,981.86
16189,16,2,215.48
16190,40,1,215.08
16191,3,13,4913.32
16193,237,1,314.45
16198,75,1,400.68
16200,4,2,1068.87
16201,3,4,1821.52
16202,361,1,365.27
16203,59,4,589.15
16204,23,1,384.18
16205,31,4,757.63
16206,55,4,537.06
16207,25,1,394.38
16208,45,2,664.26
16209,89,5,2262.62
16210,2,18,21086.3
16211,89,1,542.77
16212,19,2,681.19
16213,79,1,159.0
16214,171,3,1062.75
16215,81,1,242.35
16216,267,1,914.93
16217,235,2,259.39
16218,30,7,3054.87
16221,37,3,860.86
16222,318,1,773.55
16224,57,4,1295.3
16225,45,5,1096.32
16226,203,3,255.12
16227,225,1,308.32
16229,87,2,1010.6
16230,190,2,542.03
16232,44,4,983.23
16233,71,3,422.13
16235,41,5,858.41
16236,78,1,432.2
16239,57,2,372.9
16240,24,2,3693.81
16241,10,13,2590.31
16242,8,7,3574.91
16243,34,2,409.1
16244,212,2,1522.75
16245,24,3,1352.36
16247,170,1,114.56
16248,62,1,152.94
16249,53,5,1800.07
16250,261,2,389.44
16253,67,2,3665.62
16255,17,8,2609.3
16256,267,1,732.63
16257,177,1,46.95
16258,45,5,5203.51
16260,51,1,1035.45
16261,17,4,728.54
16265,9,9,5423.15
16266,74,7,861.89
16268,71,2,667.65
16270,353,1,1141.24
16271,3,5,1398.69
16272,117,1,411.7
16274,373,1,351.75
16275,197,1,559.87
16276,177,1,810.6
16278,100,1,537.83
16279,21,3,1489.88
16281,72,1,2062.06
16282,340,1,168.3
16283,6,5,1531.51
16284,31,2,812.68
16287,170,1,142.5
16292,122,1,280.9
16293,22,10,2236.74
16295,10,4,1328.55
16297,269,1,275.4
16298,23,3,598.2
16302,127,1,212.82
16303,26,3,5305.83
16305,139,1,361.22
16306,214,6,602.27
16308,38,4,2560.0
16309,106,2,686.67
16311,18,2,616.26
16313,3,2,274.15
16315,331,1,226.37
16316,64,8,2755.56
16317,120,3,1341.65
16318,35,1,328.15
16319,218,1,404.4
16320,172,2,1038.46
16321,72,5,230.7
16322,1,2,326.75
16323,196,1,207.5
16324,128,3,408.59
16325,47,3,510.54
16326,6,14,3014.22
16327,14,6,3820.27
16330,18,3,242.21
16332,28,7,1572.8
16333,8,22,26626.8
16337,37,1,151.05
16338,157,1,214.8
16339,284,1,94.05
16340,107,1,534.31
16341,25,4,1959.38
16342,75,4,322.41
16343,16,2,328.58
16344,158,1,101.1
16345,44,1,565.46
16347,11,2,847.45
16348,32,7,1415.65
16349,291,1,53.5
16350,21,4,1100.47
16351,333,1,153.9
16352,18,2,494.44
16353,4,23,6675.71
16354,63,2,395.8
16356,198,3,210.32
16357,33,3,658.88
16358,1,4,2024.95
16359,7,9,1460.37
16360,5,6,3349.57
16361,10,4,891.21
16362,32,5,627.29
16363,53,1,109.36
16364,12,2,705.79
16365,18,9,1540.42
16366,19,1,327.3
16367,37,2,800.67
16368,2,2,479.91
16369,18,3,1545.41
16370,82,4,1301.91
16372,33,2,355.73
16374,66,2,466.73
16376,9,2,965.47
16377,267,1,676.2
16378,247,3,362.95
16379,4,4,2131.9
16380,61,1,1743.15
16383,75,2,643.76
16384,90,2,584.5
16385,60,3,554.86
16386,29,2,302.57
16387,323,1,94.36
16389,53,4,1362.27
16392,270,1,217.89
16393,2,13,2935.8
16394,57,5,1412.06
16395,61,5,1482.06
16398,154,2,1631.15
16399,19,2,408.02
16400,95,1,303.93
16401,1,12,4061.24
16402,265,2,293.45
16403,312,1,161.05
16404,70,1,443.05
16405,302,2,167.25
16406,19,1,154.35
16407,13,10,2079.68
16409,36,5,2022.98
16411,19,2,211.7
16412,54,1,135.99
16413,57,1,262.2
16414,22,2,126.25
16415,44,1,200.27
16416,27,3,1026.99
16418,45,3,631.12
16419,113,6,945.96
16422,17,51,33805.69
16423,25,1,346.12
16424,191,1,82.56
16425,302,1,302.7
16426,2,10,1863.76
16427,263,2,241.06
16429,106,1,284.55
16430,57,1,300.85
16431,213,3,623.28
16432,64,1,287.4
16433,28,1,184.26
16434,29,7,1511.8
16438,6,5,798.35
16440,8,5,3640.67
16441,67,2,381.2
16442,2,3,609.3
16444,46,4,638.77
16445,34,1,230.51
16446,1,2,2.9
16447,136,1,255.91
16448,198,1,182.99
16449,198,2,674.69
16450,150,1,311.92
16451,88,1,266.97
16455,64,7,1841.18
16456,99,5,2158.18
16457,218,1,208.36
16458,3,18,3482.74
16460,28,3,811.23
16461,178,1,142.92
16462,74,3,102.0
16463,21,4,1383.7
16464,20,3,1298.66
16466,34,7,1595.96
16468,74,1,74.9
16469,24,4,625.42
16470,52,4,747.82
16471,275,1,223.95
16473,165,3,314.86
16474,7,7,1750.62
16475,88,4,544.3
16477,64,7,2494.46
16478,25,3,331.0
16479,10,2,300.83
16480,76,1,769.29
16482,16,1,220.62
16483,192,1,139.35
16484,174,2,379.4
16485,77,1,363.65
16488,33,3,492.2
16491,47,1,731.5
16493,80,4,1329.66
16494,297,1,826.53
16495,3,3,648.26
16496,9,3,1562.22
16497,50,6,2965.69
16498,161,2,86.12
16499,360,2,319.1
16500,5,6,400.86
16503,107,4,1421.43
16504,25,1,465.88
16505,32,1,777.6
16506,20,2,90.3
16509,297,1,363.7
16510,372,1,248.1
16511,22,3,918.33
16513,5,4,874.59
16515,52,5,1624.14
16516,30,1,101.7
16517,277,1,162.7
16518,61,2,480.92
16519,25,2,215.08
16520,186,3,1036.62
16523,2,21,9295.67
16525,2,26,11895.57
16526,172,1,290.36
16527,81,1,228.06
16528,4,1,244.41
16529,190,1,455.25
16531,22,7,1244.59
16532,18,3,6748.8
16533,19,3,1014.19
16535,5,1,593.75
16536,110,1,538.17
16539,3,4,1388.81
16542,54,1,119.62
16545,165,1,339.3
16549,10,10,4034.9
16550,109,5,2266.25
16551,96,3,922.12
16552,243,2,379.73
16553,163,12,5664.57
16554,42,3,641.55
16555,35,2,285.89
16556,67,7,3313.79
16557,24,2,281.85
16558,1,20,8257.04
16560,27,2,816.51
16561,6,2,511.12
16563,54,1,1077.74
16565,364,1,173.7
16566,15,5,614.01
16567,194,2,865.6
16569,3,1,124.2
16570,15,10,3622.95
16571,27,3,1285.22
16572,127,3,999.7
16573,85,2,648.41
16574,71,1,451.44
16581,183,1,70.44
16582,113,1,313.62
16583,374,1,233.45
16584,80,2,908.03
16586,249,1,463.95
16587,232,1,225.15
16589,71,3,459.24
16591,69,1,213.5
16592,4,16,4073.28
16593,51,3,330.03
16594,75,1,181.09
16595,61,1,360.16
16596,16,2,250.15
16597,4,1,90.04
16598,286,1,140.7
16600,4,6,813.52
16601,41,1,242.7
16602,36,1,494.73
16603,75,2,482.47
16607,18,14,3038.67
16609,15,7,5450.96
16610,219,1,75.66
16611,186,1,120.99
16612,33,4,1187.66
16613,70,1,618.59
16614,183,1,506.19
16616,15,2,500.42
16617,236,1,151.85
16618,31,5,2630.64
16619,264,1,204.41
16620,4,2,178.96
16621,52,4,813.48
16623,246,1,129.45
16624,81,2,810.57
16625,275,1,333.08
16626,1,17,4379.65
16627,79,1,322.8
16628,30,5,2183.04
16629,74,2,408.63
16633,17,6,2878.15
16634,223,2,217.9
16637,32,4,1124.59
16638,23,10,1676.47
16639,31,3,1169.38
16641,106,1,231.1
16642,5,2,679.83
16643,246,1,487.51
16644,178,2,833.78
16647,170,2,214.06
16648,43,1,270.86
16650,72,1,518.42
16652,59,7,6654.26
16653,16,2,1166.92
16654,141,4,594.97
16655,18,6,3789.52
16656,22,15,8568.24
16657,10,4,874.43
16658,368,1,123.24
16659,189,1,39.12
16660,16,4,810.45
16665,362,1,135.4
16666,19,1,118.98
16667,68,2,567.18
16668,15,6,306.72
16669,24,3,1344.88
16670,17,11,4022.46
16671,28,3,1692.27
16672,2,20,8093.59
16674,55,2,304.24
16676,34,4,1558.72
16678,3,12,3013.83
16679,366,1,129.75
16680,43,1,183.7
16681,73,6,1770.34
16682,5,5,1028.0
16684,4,28,65892.08
16685,61,2,324.24
16686,47,7,2940.53
16688,1,4,1260.86
16689,76,2,303.26
16690,72,2,208.63
16692,256,2,1276.0
16693,69,2,477.86
16696,135,4,657.9
16697,241,1,112.75
16698,227,2,1998.0
16700,9,13,5040.0
16701,9,13,5150.27
16705,1,20,13946.13
16706,37,3,531.35
16708,46,1,656.63
16709,85,5,3029.87
16710,19,10,2467.99
16711,3,5,1651.03
16712,9,11,3611.31
16713,19,15,6827.88
16714,219,3,879.06
16715,78,1,301.72
16716,267,2,319.8
16717,24,6,3263.06
16718,369,1,606.05
16719,15,7,1753.72
16720,26,1,152.95
16721,262,1,292.47
16722,17,13,4711.21
16723,91,2,576.4
16725,302,7,752.32
16726,26,5,1358.74
16727,364,1,256.32
16728,46,4,1048.28
16729,38,21,7041.69
16730,52,3,702.79
16732,32,1,603.75
16734,52,3,646.76
16735,79,5,2216.06
16737,53,1,417.6
16738,298,1,3.75
16739,177,1,312.55
16743,29,7,2166.88
16744,11,7,1291.91
16745,87,17,7157.1
16746,5,18,6676.76
16747,38,2,826.96
16748,18,5,1515.9
16750,45,5,623.93
16751,31,1,1764.72
16752,373,1,207.5
16753,58,1,223.92
16754,372,1,2002.4
16755,114,3,1463.23
16756,215,1,239.4
16757,319,1,106.83
16758,65,1,369.34
16759,8,3,772.84
16761,97,1,316.62
16762,20,3,1207.24
16763,199,1,594.9
16764,4,13,2749.95
16765,294,1,34.0
16766,273,2,1145.6
16767,31,11,5575.56
16768,48,3,458.04
16769,260,1,361.54
16770,58,5,731.9
16771,33,5,2242.61
16773,57,1,171.59
16774,68,4,654.92
16775,10,11,1691.51
16776,60,1,371.54
16777,80,2,222.62
16778,74,2,245.94
16779,2,22,10436.05
16780,100,2,422.24
16781,372,1,294.65
16782,10,13,2230.3
16784,20,1,107.6
16788,123,2,594.39
16789,8,1,80.8
16790,4,6,1520.12
16791,29,7,1690.28
16792,282,2,110.38
16793,57,1,243.84
16794,1,10,1175.3
16795,365,1,414.88
16796,89,1,305.62
16800,11,1,1162.65
16801,163,4,842.33
16803,65,1,332.3
16804,23,3,536.99
16805,174,2,460.59
16806,103,4,762.16
16807,143,3,1121.59
16808,99,2,288.42
16809,23,5,912.74
16810,192,1,275.64
16811,5,2,547.07
16812,361,1,479.35
16813,8,10,1652.18
16814,14,21,6408.2
16816,103,4,417.06
16817,3,9,1446.95
16818,11,11,3317.97
16820,96,1,497.61
16823,227,1,358.38
16824,16,2,460.64
16825,39,2,775.18
16826,51,1,341.7
16828,93,2,128.5
16829,157,1,197.22
16830,39,1,325.91
16832,184,3,199.15
16833,1,4,1106.53
16834,228,1,413.46
16835,128,2,180.85
16836,40,2,251.87
16837,31,11,3167.73
16838,197,2,582.9
16839,9,34,15357.78
16841,37,6,1774.62
16842,101,3,1260.44
16843,43,16,10183.82
16846,50,1,214.32
16847,43,1,193.44
16848,53,1,281.42
16849,187,1,124.57
16850,334,1,332.41
16851,4,3,342.45
16852,10,2,144.91
16855,24,2,328.4
16856,15,1,35.4
16858,369,1,345.89
16859,145,2,473.14
16861,60,2,151.65
16863,31,2,481.35
16866,141,3,207.74
16869,23,4,797.32
16871,22,6,2761.49
16872,77,3,680.02
16873,5,6,7066.31
16875,67,5,2023.47
16877,12,6,846.62
16880,31,7,1491.43
16881,67,1,432.0
16882,67,3,705.12
16883,187,2,272.48
16884,38,2,429.84
16885,15,3,450.41
16887,35,1,192.33
16889,195,3,1578.67
16891,2,5,742.43
16892,1,5,489.49
16893,367,1,145.93
16895,65,1,202.27
16897,299,2,213.03
16898,26,3,436.68
16899,8,6,1271.06
16900,17,3,187.69
16902,116,1,1706.88
16903,29,1,363.2
16904,4,16,3653.75
16905,5,7,3020.65
16906,82,4,559.59
16907,29,5,928.76
16909,72,1,364.14
16910,4,8,1508.96
16912,29,11,2508.87
16913,290,1,113.44
16914,36,1,183.76
16915,9,6,621.68
16916,24,2,562.41
16917,277,1,391.52
16918,50,6,1043.34
16919,156,11,2592.25
16921,61,1,154.18
16923,12,19,6488.3
16924,21,3,722.64
16926,371,1,230.25
16927,116,3,543.05
16928,80,17,2748.6
16929,4,7,1295.39
16930,26,3,378.89
16931,5,21,4554.87
16932,53,1,150.23
16933,1,2,530.08
16934,55,2,931.03
16936,26,1,261.9
16938,9,4,1878.43
16940,52,3,3049.88
16942,13,9,1878.51
16943,212,3,816.73
16945,22,19,4345.5
16947,236,1,406.48
16948,139,3,435.02
16949,4,6,1161.27
16950,57,3,1178.56
16951,135,3,1262.75
16952,109,2,167.61
16953,30,1,20.8
16954,1,9,2085.08
16955,185,4,493.67
16956,18,1,292.34
16957,239,2,416.64
16959,87,1,117.35
16960,39,3,507.05
16961,116,1,234.17
16963,187,1,110.55
16965,227,1,201.19
16966,8,7,2148.47
16967,189,1,319.02
16968,4,2,439.43
16969,39,3,650.41
16971,38,1,232.21
16976,267,1,251.52
16978,78,1,344.33
16979,4,6,1809.05
16980,255,2,1028.46
16982,61,1,384.06
16983,13,7,1894.82
16984,88,2,4370.59
16985,17,10,5461.62
16986,30,2,1873.2
16987,3,7,1616.8
16988,5,1,126.12
16989,7,6,1133.25
16990,219,1,179.0
16992,11,5,1601.86
16996,30,6,1427.46
16997,288,3,702.0
16998,150,4,287.02
16999,23,2,484.82
17001,1,11,3989.57
17002,86,3,1487.78
17004,46,2,1312.14
17006,5,4,781.78
17007,51,6,877.43
17010,18,1,185.46
17011,30,1,270.9
17014,8,3,562.68
17015,29,3,1838.61
17017,3,20,8574.11
17018,41,2,920.1
17019,11,4,1258.08
17022,31,1,71.0
17024,45,3,95.85
17025,61,3,357.77
17026,185,2,154.83
17027,79,6,835.86
17029,111,2,716.0
17030,64,1,146.87
17031,12,2,380.35
17033,86,3,1030.14
17034,16,3,734.57
17035,246,2,388.33
17037,88,1,1253.22
17038,30,1,112.4
17040,138,1,449.73
17041,27,3,1055.69
17042,3,5,1036.58
17043,32,4,1735.18
17044,25,1,897.43
17045,113,3,339.44
17046,157,1,642.02
17047,85,3,1100.9
17048,118,3,864.32
17049,3,9,5589.83
17050,96,6,3185.64
17051,194,1,240.89
17052,28,1,399.09
17053,131,1,496.38
17054,28,5,1353.83
17058,82,3,1179.89
17059,30,5,3080.39
17060,266,1,234.24
17061,74,11,5116.13
17062,314,4,529.43
17063,21,7,1421.59
17064,59,3,855.45
17068,12,21,4531.34
17069,28,9,2655.22
17070,114,1,304.24
17071,28,9,2385.48
17073,18,4,1446.09
17075,18,4,813.77
17076,36,3,841.08
17078,36,2,378.2
17079,78,1,118.8
17080,22,2,285.5
17081,25,2,288.91
17082,33,2,2003.85
17083,109,3,1405.78
17084,35,2,2747.99
17085,123,5,1550.8
17086,7,6,2050.08
17088,28,4,1991.01
17090,4,7,1972.55
17091,3,9,3802.81
17092,50,4,1774.03
17094,322,1,270.2
17095,23,3,1088.2
17096,15,4,992.68
17097,2,8,937.92
17100,18,2,971.74
17101,10,4,1621.73
17102,262,1,25.5
17105,159,2,665.78
17107,33,6,10362.48
17109,29,6,865.93
17110,165,1,163.3
17111,47,1,231.61
17114,6,8,739.72
17115,8,3,806.9
17117,288,1,116.2
17118,318,1,157.02
17119,3,2,593.61
17120,233,1,307.46
17122,119,1,138.32
17123,162,1,345.3
17124,185,1,294.24
17125,50,1,230.5
17126,152,5,976.55
17128,335,1,157.09
17131,5,5,2463.17
17133,16,7,4892.24
17134,107,2,413.2
17135,16,7,1139.73
17138,276,1,380.5
17139,16,12,10567.87
17140,247,1,454.12
17142,239,1,579.0
17144,1,2,984.57
17146,106,3,749.78
17147,23,4,1679.64
17148,52,1,124.88
17152,195,3,1503.5
17153,24,1,213.78
17154,75,1,329.34
17155,18,2,251.7
17157,8,2,306.55
17158,32,3,1266.97
17159,22,3,1534.73
17160,31,6,3518.03
17162,29,10,1707.21
17163,22,2,293.1
17164,33,7,2466.4
17165,284,1,158.68
17166,39,2,189.49
17169,58,2,816.88
17171,289,1,224.91
17172,79,1,313.26
17173,5,8,3755.65
17174,218,1,59.9
17175,44,4,1430.94
17176,202,1,306.13
17179,178,3,711.79
17180,56,4,768.32
17181,57,2,239.92
17183,8,6,3286.91
17186,47,2,144.0
17187,227,1,203.95
17188,11,7,2275.58
17189,106,2,383.75
17190,59,2,249.74
17191,28,7,2093.68
17193,36,7,1674.46
17194,274,2,262.62
17197,30,1,1013.01
17198,24,3,692.22
17201,54,1,289.78
17203,36,6,3560.08
17204,175,4,1352.91
17205,54,1,384.08
17206,53,1,204.24
17211,27,8,2299.67
17212,253,1,226.85
17213,40,7,2741.08
17214,60,6,974.12
17217,234,1,113.5
17218,4,10,1951.97
17219,32,1,114.23
17220,24,14,3187.55
17221,7,2,334.48
17222,65,1,328.65
17223,310,2,416.89
17226,309,1,393.49
17227,19,6,939.32
17228,16,8,1906.09
17229,96,2,318.76
17230,264,8,3466.67
17231,12,10,3078.22
17232,3,2,417.77
17233,35,1,190.88
17234,183,1,149.89
17235,25,2,550.06
17236,13,6,916.13
17237,11,2,314.69
17238,3,17,3719.1
17239,313,1,379.95
17242,108,2,1135.04
17243,1,26,8491.75
17244,53,1,954.9
17245,205,1,171.45
17247,15,1,280.09
17248,120,1,318.65
17250,4,2,381.97
17251,363,1,269.83
17252,117,2,348.91
17253,18,1,178.26
17254,5,2,271.19
17255,41,2,291.48
17256,107,2,240.0
17259,148,2,581.23
17262,52,5,1253.36
17263,208,1,63.44
17265,139,2,550.01
17266,2,3,296.58
17267,127,2,317.2
17268,108,4,763.64
17272,42,4,2144.53
17274,35,1,107.82
17277,228,2,1065.35
17278,241,1,246.04
17279,58,1,187.83
17282,130,3,1685.46
17284,60,6,1636.58
17286,22,1,151.37
17287,26,7,1049.06
17288,9,7,1417.63
17289,32,3,922.77
17290,4,2,513.01
17291,308,1,550.8
17293,8,9,1854.06
17295,29,3,547.0
17297,17,1,128.18
17298,101,2,498.42
17299,12,4,656.61
17301,21,1,163.24
17302,15,5,1119.93
17303,361,1,250.04
17306,11,19,8600.73
17309,95,1,82.75
17311,78,2,1384.85
17312,139,3,644.3
17313,31,1,2288.13
17314,25,8,2514.76
17315,2,38,6193.43
17317,46,3,2524.02
17320,100,3,1200.62
17321,8,2,657.16
17323,15,7,894.44
17324,18,4,986.48
17325,280,1,96.8
17329,14,2,523.11
17330,23,2,363.9
17331,124,1,175.2
17333,86,1,494.25
17334,302,2,306.6
17337,151,4,1897.51
17338,17,8,6461.79
17339,94,2,243.36
17340,30,11,11891.18
17341,157,3,682.29
17343,355,1,193.64
17344,46,1,157.62
17345,15,4,519.69
17346,4,15,2557.9
17347,86,1,228.96
17348,15,5,1156.6
17349,179,1,98.25
17350,8,4,1251.44
17351,36,3,587.15
17353,129,2,1740.0
17354,51,1,1393.06
17356,312,1,178.22
17357,24,2,384.39
17358,303,2,360.81
17359,11,1,127.86
17360,17,3,568.24
17361,49,3,488.2
17362,239,2,312.23
17364,1,11,4437.23
17365,13,8,4767.36
17367,238,1,167.55
17368,23,8,1315.72
17370,73,4,446.18
17371,17,3,418.4
17372,41,8,1337.18
17373,40,4,646.92
17374,219,2,495.77
17375,199,3,372.5
17376,71,2,203.2
17377,24,20,3883.32
17379,11,1,389.72
17381,9,29,20272.43
17382,65,1,65.4
17383,4,1,193.39
17384,19,2,336.4
17385,15,1,256.11
17386,8,6,2686.42
17387,20,2,746.81
17388,78,4,1259.56
17389,1,34,31300.08
17391,164,2,508.8
17392,307,2,417.27
17394,219,1,203.87
17396,39,8,7330.8
17397,22,2,681.41
17398,115,3,653.38
17400,126,5,2097.84
17402,5,13,2633.85
17403,36,1,263.92
17404,4,15,30300.82
17405,1,3,967.22
17406,333,3,1912.72
17408,163,1,32.65
17409,185,2,771.85
17410,16,5,1214.72
17411,12,3,748.94
17412,3,7,1258.06
17414,44,2,778.0
17415,80,1,507.84
17416,30,7,6838.34
17418,42,2,463.46
17419,11,12,4200.97
17420,50,3,598.83
17422,16,6,1853.13
17423,46,2,663.63
17425,19,2,759.17
17426,8,6,5022.26
17427,72,1,100.8
17428,1,28,17078.45
17429,128,3,512.12
17430,33,2,265.76
17431,313,1,403.3
17432,18,2,365.76
17433,88,1,303.16
17434,2,7,2333.42
17436,2,2,216.3
17438,254,1,378.3
17440,157,3,177.1
17442,37,6,2210.26
17443,220,1,534.24
17444,148,3,2940.04
17446,177,2,120.9
17447,40,2,541.53
17449,2,7,2503.21
17450,8,46,187322.17
17451,1,7,1648.95
17453,18,2,486.72
17454,192,4,517.53
17455,204,1,131.7
17456,365,1,249.86
17457,127,5,1737.7
17458,15,1,316.5
17459,43,2,657.3
17460,94,6,452.63
17461,23,3,735.82
17462,60,2,662.94
17463,16,5,1860.81
17464,158,1,289.96
17466,10,2,763.28
17468,10,2,137.0
17469,16,5,1843.06
17470,45,5,1125.07
17472,191,3,697.54
17475,79,1,194.37
17480,78,1,506.51
17481,4,4,1249.34
17483,65,3,414.04
17486,261,1,396.87
17489,59,2,376.64
17490,1,7,1926.88
17491,1,10,3541.92
17492,248,1,374.57
17495,8,2,497.56
17496,359,1,271.05
17498,76,1,272.22
17499,290,1,622.88
17500,17,3,1138.0
17501,221,2,288.6
17502,9,4,689.1
17503,3,2,558.96
17504,206,9,2745.28
17505,162,2,1145.84
17506,76,1,294.29
17507,262,2,605.58
17508,281,1,387.31
17509,58,8,6069.24
17510,25,1,308.48
17511,3,31,88125.38
17512,29,10,2920.04
17513,72,1,513.2
17514,128,1,208.65
17515,31,4,639.02
17516,15,5,764.88
17517,309,1,153.94
17519,17,6,1839.07
17520,54,1,546.81
17521,30,3,721.96
17522,2,5,1070.71
17523,11,4,652.74
17524,361,1,145.0
17525,360,1,422.7
17526,5,4,706.7
17527,54,4,888.86
17528,1,8,3540.1
17530,1,10,2367.12
17531,190,1,293.45
17534,54,1,223.36
17535,280,1,164.4
17536,177,1,76.5
17537,30,2,887.67
17538,26,1,98.42
17540,25,2,570.4
17542,270,1,170.75
17545,43,3,642.32
17549,24,2,148.86
17550,197,3,267.16
17551,359,1,290.34
17552,60,4,909.96
17553,130,1,1487.6
17554,1,5,1952.45
17555,20,2,480.31
17556,206,1,157.9
17557,14,3,541.46
17560,95,4,854.95
17561,19,1,165.12
17562,14,7,1107.38
17564,24,3,454.01
17566,8,2,869.77
17567,7,8,4012.56
17569,332,1,344.14
17571,50,4,1425.67
17572,71,4,226.75
17573,29,3,362.9
17574,243,1,185.65
17576,8,19,3399.93
17578,218,1,124.74
17579,5,3,440.2
17580,253,3,215.72
17581,1,25,10716.31
17582,236,1,175.27
17584,7,2,1227.3
17585,109,4,1116.68
17588,100,3,1240.2
17589,60,4,2404.17
17590,2,3,1468.02
17591,73,7,2192.72
17593,4,5,3908.08
17594,85,2,993.18
17595,12,2,386.69
17596,23,7,2806.69
17597,214,1,2044.37
17600,18,1,161.67
17601,239,1,116.01
17602,2,6,5002.22
17604,217,2,309.36
17608,33,2,191.99
17609,41,5,1097.48
17611,7,15,3924.77
17612,53,6,1992.76
17613,23,14,4494.77
17614,57,1,386.32
17615,130,3,329.6
17616,174,3,571.2
17618,6,3,930.28
17619,312,1,214.37
17620,60,1,81.44
17621,21,3,1336.1
17623,33,1,527.05
17624,15,2,843.48
17625,18,4,2020.4
17628,81,1,75.75
17629,6,8,1784.12
17630,170,2,503.6
17631,2,3,528.33
17633,31,4,1242.34
17634,36,9,2358.59
17636,19,1,265.93
17637,31,2,547.06
17639,276,1,108.5
17640,87,1,621.66
17642,120,2,712.29
17643,373,1,101.55
17644,1,11,2768.98
17646,219,3,995.66
17647,65,1,133.06
17648,61,4,1789.55
17649,138,1,861.74
17650,21,1,166.08
17651,12,10,3886.67
17652,25,12,4737.13
17653,37,4,1175.88
17654,277,1,117.55
17655,11,7,2571.74
17656,73,5,1674.69
17658,26,2,485.88
17659,17,12,2954.75
17660,141,1,178.75
17663,26,7,1788.27
17664,19,2,604.64
17666,4,2,728.16
17667,66,5,2055.51
17668,1,2,347.75
17669,43,7,3406.72
17670,228,1,205.7
17671,16,4,1284.08
17672,50,2,3106.62
17673,2,6,1588.07
17674,74,2,551.04
17675,1,31,20098.1
17676,4,6,1366.77
17677,2,30,16201.37
17678,264,1,298.11
17679,53,2,1992.11
17680,24,1,184.4
17682,10,6,2459.33
17684,44,1,239.41
17685,17,7,3155.83
17686,7,7,5739.46
17690,30,15,4717.3
17691,358,2,290.4
17692,127,4,733.44
17693,137,1,187.02
17694,142,1,283.12
17695,132,2,765.34
17696,38,8,2201.05
17697,236,1,338.95
17698,261,1,154.95
17700,17,4,2508.89
17701,253,1,417.95
17702,30,4,1719.72
17703,35,3,798.74
17704,169,2,885.19
17705,3,9,1781.12
17706,4,17,10097.37
17707,185,2,152.4
17708,188,2,263.33
17709,170,1,137.45
17711,11,2,385.1
17712,45,1,522.91
17714,321,1,153.0
17715,201,1,326.4
17716,23,11,5505.79
17718,232,1,139.35
17719,38,15,5367.8
17720,26,4,1195.94
17722,96,4,2380.64
17723,127,6,3276.4
17724,71,3,995.65
17725,16,11,3371.13
17727,15,1,1042.55
17728,4,3,2515.68
17730,3,13,5288.83
17731,79,4,878.2
17732,373,1,303.97
17733,39,2,692.19
17734,54,3,700.63
17735,2,19,13110.02
17736,9,3,337.49
17737,9,2,168.24
17738,19,4,1863.35
17739,12,7,2786.05
17742,113,2,355.11
17744,4,6,2291.08
17746,240,1,98.8
17747,113,1,64.65
17749,178,2,674.52
17750,5,9,1710.45
17752,359,1,80.64
17754,1,5,1632.31
17757,1,30,5573.59
17758,19,8,3408.2
17759,17,3,819.96
17760,22,2,287.59
17761,33,1,712.78
17763,263,1,15.0
17764,51,2,772.55
17765,159,3,367.63
17767,15,1,271.2
17768,8,3,2081.9
17769,13,10,3920.08
17770,199,5,1143.27
17771,57,2,245.81
17772,11,2,173.45
17774,97,4,1203.78
17775,255,1,56.4
17777,25,3,647.56
17779,21,3,633.92
17781,159,2,188.02
17783,72,2,283.47
17785,53,1,131.94
17786,85,2,266.85
17787,153,4,1817.54
17788,74,2,1117.9
17789,281,1,225.9
17790,27,14,1964.3
17791,30,1,106.1
17793,25,1,300.34
17795,180,2,342.83
17796,40,4,690.0
17797,22,3,780.43
17799,22,10,3009.32
17800,37,9,1187.21
17802,82,3,1251.84
17805,74,1,512.31
17806,11,1,546.04
17809,16,12,4627.62
17811,4,39,7601.8
17812,13,4,699.81
17813,14,5,1641.79
17816,37,4,36.56
17817,4,3,387.68
17819,72,7,3661.07
17824,51,1,298.4
17827,5,5,1987.33
17828,23,4,1599.97
17829,299,1,889.24
17830,2,3,398.7
17831,33,1,35.4
17832,50,1,155.37
17835,3,3,342.24
17836,47,1,110.21
17837,42,8,1508.38
17838,27,5,2267.4
17839,42,1,318.15
17841,2,124,39869.05
17843,303,1,205.48
17844,107,1,51.56
17846,85,1,2033.1
17848,81,9,901.2
17849,218,4,605.8
17850,372,34,5303.48
17852,12,2,114.34
17854,185,2,311.26
17855,373,1,208.97
17856,2,4,1393.79
17857,4,23,26763.34
17858,6,12,5140.66
17859,305,1,141.92
17860,369,1,226.45
17861,3,8,2056.28
17862,324,1,330.9
17863,59,6,3160.0
17864,13,3,554.85
17865,31,20,10158.54
17866,143,1,325.7
17867,30,6,583.52
17869,107,5,428.18
17870,2,12,1860.94
17871,205,1,155.9
17873,80,5,1754.16
17874,185,6,658.26
17877,170,1,237.61
17878,44,1,379.45
17879,174,1,178.52
17880,365,1,458.92
17881,304,1,133.35
17883,3,4,664.34
17884,4,4,695.07
17885,12,1,156.34
17886,32,3,869.28
17887,129,1,111.35
17888,21,8,515.73
17889,212,2,201.37
17890,323,2,586.89
17891,162,1,203.86
17892,56,3,244.1
17893,225,1,107.21
17894,72,8,1118.96
17895,44,1,95.45
17896,23,1,256.32
17897,173,3,516.31
17898,85,2,152.06
17899,159,1,154.55
17900,190,2,15.0
17901,29,1,110.38
17904,21,1,168.32
17905,71,4,798.99
17906,247,1,72.9
17908,374,1,232.03
17911,9,1,366.23
17912,310,5,294.66
17913,59,2,408.65
17914,4,1,329.36
17917,45,3,335.03
17919,88,1,1304.04
17920,4,17,4119.5
17921,64,4,820.23
17923,282,1,207.5
17924,12,7,2894.33
17925,373,1,244.08
17926,133,2,397.29
17928,45,2,212.54
17929,11,4,834.5
17930,36,5,1740.48
17931,134,2,408.36
17932,29,3,1331.57
17934,52,2,704.25
17935,138,2,145.79
17936,5,1,380.13
17937,9,7,4301.22
17939,160,1,99.14
17940,49,10,1897.18
17941,131,1,304.56
17942,8,1,77.5
17946,233,2,149.58
17947,37,1,176.68
17948,147,1,358.56
17949,1,45,52750.84
17950,72,3,472.12
17951,40,3,990.84
17954,5,12,2276.78
17955,199,4,557.3
17956,249,1,12.75
17957,66,1,111.68
17958,117,1,508.46
17960,171,1,73.78
17961,21,39,1296.44
17962,142,1,102.41
17964,32,2,463.21
17965,38,14,2599.19
17966,38,5,1098.43
17967,372,1,112.27
17968,374,1,265.1
17969,166,2,228.2
17970,211,1,562.79
17972,242,1,135.19
17973,52,1,337.04
17974,25,3,703.99
17975,15,13,4388.06
17976,372,1,321.79
17977,29,1,288.14
17978,365,1,300.92
17979,36,4,712.51
17980,166,3,811.45
17984,145,1,152.68
17985,22,1,631.35
17986,56,1,20.8
17987,185,1,198.57
17988,12,7,191.17
17990,237,3,630.84
17991,225,2,93.35
17994,122,4,626.09
17995,282,1,76.1
17997,74,8,1503.09
17999,37,2,380.39
18001,12,2,415.13
18004,362,1,157.92
18005,4,2,226.47
18006,23,1,444.68
18008,70,9,2116.19
18009,235,1,242.29
18010,257,1,174.8
18011,373,1,102.79
18013,155,2,187.29
18014,28,1,162.22
18015,4,1,120.03
18016,32,5,1477.66
18017,81,3,523.0
18018,108,2,122.14
18019,52,1,38.45
18022,36,1,612.72
18024,153,2,236.78
18027,99,1,115.31
18030,4,2,220.7
18032,334,1,73.5
18033,65,1,93.82
18034,22,2,418.68
18035,36,3,713.89
18036,32,3,403.12
18037,154,6,70.02
18040,19,2,357.2
18041,12,21,4075.12
18042,54,1,165.05
18043,25,3,529.29
18044,4,10,2085.65
18045,45,1,178.34
18048,203,2,172.29
18050,359,1,74.4
18053,71,1,297.07
18055,7,10,6729.29
18056,288,1,363.65
18058,10,1,170.16
18059,23,3,296.71
18061,22,10,2119.41
18062,173,3,720.52
18064,133,2,814.0
18065,6,14,2380.08
18066,75,1,318.0
18067,40,1,396.33
18068,289,1,101.7
18069,26,5,1994.39
18071,258,2,453.0
18073,114,12,3846.74
18074,374,1,489.6
18075,23,10,2538.72
18077,8,11,2584.41
18078,217,2,336.13
18079,45,4,3613.15
18080,19,2,1231.5
18081,36,3,343.45
18082,26,1,680.84
18084,16,1,87.53
18085,330,2,689.95
18086,274,1,101.34
18087,98,2,3770.12
18088,61,1,166.03
18092,2,11,9065.76
18093,93,4,2083.42
18094,82,7,3017.3
18095,313,2,580.05
18096,12,3,849.06
18097,8,6,2657.45
18099,127,1,168.31
18101,11,2,222.4
18102,1,60,256438.49
18104,37,1,754.64
18105,38,1,113.48
18106,330,1,421.9
18108,254,1,264.65
18109,2,26,7877.27
18110,20,1,168.55
18112,12,2,352.69
18113,369,1,76.32
18114,290,1,220.1
18116,68,8,1403.11
18117,26,1,315.65
18118,11,26,5567.03
18119,368,1,180.7
18120,214,1,111.15
18121,149,2,653.3
18122,8,6,1793.06
18123,24,2,574.44
18125,30,4,1130.1
18126,61,1,200.92
18127,19,3,347.08
18129,243,1,112.55
18130,15,3,1045.74
18133,212,1,715.5
18135,29,5,681.91
18136,63,3,761.83
18138,295,1,152.65
18139,18,6,8393.22
18142,157,2,1014.9
18143,117,2,1000.16
18144,8,12,2888.75
18145,13,4,2861.55
18146,141,2,160.35
18147,46,2,179.34
18149,51,3,612.08
18150,32,3,566.58
18151,135,2,653.35
18154,3,2,399.19
18155,75,3,347.82
18156,13,2,675.64
18158,9,2,451.75
18159,301,1,530.15
18160,57,2,638.06
18161,15,5,1612.79
18164,37,1,394.7
18165,177,1,302.46
18167,23,3,1355.51
18168,176,6,1123.74
18169,61,1,202.65
18170,33,3,980.31
18171,59,5,1208.51
18172,15,20,7490.17
18173,87,4,2106.84
18174,7,1,104.0
18176,358,1,448.65
18177,31,6,1313.62
18178,129,4,1573.41
18179,9,6,1793.17
18180,5,6,1843.75
18181,24,1,366.85
18183,227,2,600.52
18184,15,1,49.8
18185,249,1,304.25
18188,15,3,1998.49
18189,78,2,1084.34
18190,192,2,274.51
18191,262,1,207.8
18192,72,1,957.97
18193,165,1,212.96
18194,82,1,896.0
18196,95,2,686.63
18198,4,17,5083.06
18200,106,1,150.35
18202,200,3,1396.99
18203,157,1,160.42
18204,71,3,1960.95
18205,36,2,517.36
18209,29,1,139.1
18210,2,6,2621.38
18211,26,5,600.07
18212,326,1,216.07
18213,237,1,232.48
18215,89,1,299.34
18216,31,1,481.75
18217,29,2,621.75
18218,211,2,606.22
18219,3,10,2019.77
18220,227,1,297.78
18221,22,5,1033.31
18222,93,1,443.0
18223,5,14,6315.23
18224,264,1,158.95
18225,3,12,5356.86
18226,44,11,5192.1
18227,218,1,93.75
18228,57,2,769.2
18229,12,20,7276.9
18230,9,7,2716.6
18231,192,5,2054.67
18232,82,4,582.47
18233,326,1,440.0
18235,72,3,1796.48
18236,30,6,882.24
18237,3,5,987.1
18239,219,5,1561.61
18240,46,1,422.58
18241,10,17,2058.09
18242,72,4,2232.49
18245,7,7,2507.56
18246,24,2,596.1
18248,123,2,783.02
18249,17,1,95.34
18250,310,1,342.92
18251,87,1,4314.72
18252,51,2,518.27
18255,89,1,103.3
18257,39,8,2265.38
18259,25,3,2338.6
18260,173,6,2580.15
18261,43,2,324.24
18262,140,1,149.48
18263,26,3,1211.08
18265,72,2,801.51
18269,366,1,138.9
18270,38,2,238.95
18272,3,6,3064.78
18273,2,3,204.0
18276,44,1,323.36
18277,58,1,97.63
18278,74,1,173.9
18280,278,1,180.6
18281,181,1,80.82
18282,8,2,176.6
18283,4,16,2045.53
18287,43,3,1837.28
