YearMonth,GrossRevenue,CancelledRevenue,NetRevenue,InvoiceCount,TotalQuantity
2010-12,821452.73,-74729.12000000001,746723.61,1885.0,342009.0
2011-01,689811.6100000001,-131363.05,558448.56,1346.0,307255.0
2011-02,522545.56000000006,-25519.149999999998,497026.41,1319.0,280069.0
2011-03,716215.26,-34201.28,682013.98,1772.0,371424.0
2011-04,536968.491,-44600.649999999994,492367.841,1486.0,294309.0
2011-05,769296.6100000001,-47202.51,722094.1,1995.0,389133.0
2011-06,760547.01,-70569.77999999998,689977.23,1862.0,381175.0
2011-07,718076.121,-37919.130000000005,680156.991,1745.0,393666.0
2011-08,757841.3800000001,-54330.80000000001,703510.58,1639.0,408675.0
2011-09,1056435.192,-38838.51,1017596.682,2170.0,562243.0
2011-10,1151263.7300000002,-81895.5,1069368.2300000002,2402.0,598077.0
2011-11,1503866.78,-47720.979999999996,1456145.7999999998,3210.0,738782.0
2011-12,637790.33,-205089.27000000002,432701.0599999999,965.0,230043.0
